filename,chunk,inCache
FULL_FILE_143,FULL_FILE_143,0
FULL_FILE_321,FULL_FILE_321,0
FULL_FILE_246,FULL_FILE_246,0
FULL_FILE_94,FULL_FILE_94,0
FULL_FILE_131,FULL_FILE_131,0
FULL_FILE_35,FULL_FILE_35,0
FULL_FILE_192,FULL_FILE_192,0
FULL_FILE_122,FULL_FILE_122,0
FULL_FILE_162,FULL_FILE_162,0
FULL_FILE_178,FULL_FILE_178,0
FULL_FILE_349,FULL_FILE_349,0
FULL_FILE_260,FULL_FILE_260,0
FULL_FILE_322,FULL_FILE_322,0
FULL_FILE_329,FULL_FILE_329,0
FULL_FILE_235,FULL_FILE_235,0
FULL_FILE_347,FULL_FILE_347,0
FULL_FILE_419,FULL_FILE_419,0
FULL_FILE_137,FULL_FILE_137,0
FULL_FILE_236,FULL_FILE_236,0
FULL_FILE_255,FULL_FILE_255,0
FULL_FILE_256,FULL_FILE_256,0
FULL_FILE_179,FULL_FILE_179,0
FULL_FILE_455,FULL_FILE_455,0
FULL_FILE_288,FULL_FILE_288,0
FULL_FILE_224,FULL_FILE_224,0
FULL_FILE_141,FULL_FILE_141,0
FULL_FILE_20,FULL_FILE_20,0
FULL_FILE_155,FULL_FILE_155,0
FULL_FILE_218,FULL_FILE_218,0
FULL_FILE_275,FULL_FILE_275,0
FULL_FILE_285,FULL_FILE_285,0
FULL_FILE_354,FULL_FILE_354,0
FULL_FILE_230,FULL_FILE_230,0
FULL_FILE_377,FULL_FILE_377,0
FULL_FILE_239,FULL_FILE_239,0
FULL_FILE_239,FULL_FILE_239,1
FULL_FILE_432,FULL_FILE_432,0
FULL_FILE_357,FULL_FILE_357,0
FULL_FILE_133,FULL_FILE_133,0
FULL_FILE_271,FULL_FILE_271,0
FULL_FILE_272,FULL_FILE_272,0
FULL_FILE_323,FULL_FILE_323,0
FULL_FILE_382,FULL_FILE_382,0
FULL_FILE_105,FULL_FILE_105,0
FULL_FILE_185,FULL_FILE_185,0
FULL_FILE_354,FULL_FILE_354,1
FULL_FILE_366,FULL_FILE_366,0
FULL_FILE_471,FULL_FILE_471,0
FULL_FILE_217,FULL_FILE_217,0
FULL_FILE_434,FULL_FILE_434,0
FULL_FILE_250,FULL_FILE_250,0
FULL_FILE_86,FULL_FILE_86,0
FULL_FILE_219,FULL_FILE_219,0
FULL_FILE_46,FULL_FILE_46,0
FULL_FILE_385,FULL_FILE_385,0
FULL_FILE_147,FULL_FILE_147,0
FULL_FILE_122,FULL_FILE_122,1
FULL_FILE_24,FULL_FILE_24,0
FULL_FILE_192,FULL_FILE_192,1
FULL_FILE_418,FULL_FILE_418,0
FULL_FILE_203,FULL_FILE_203,0
FULL_FILE_328,FULL_FILE_328,0
FULL_FILE_432,FULL_FILE_432,1
FULL_FILE_456,FULL_FILE_456,0
FULL_FILE_237,FULL_FILE_237,0
FULL_FILE_130,FULL_FILE_130,0
FULL_FILE_312,FULL_FILE_312,0
FULL_FILE_234,FULL_FILE_234,0
FULL_FILE_338,FULL_FILE_338,0
FULL_FILE_230,FULL_FILE_230,1
FULL_FILE_437,FULL_FILE_437,0
FULL_FILE_384,FULL_FILE_384,0
FULL_FILE_204,FULL_FILE_204,0
FULL_FILE_220,FULL_FILE_220,0
FULL_FILE_338,FULL_FILE_338,1
FULL_FILE_321,FULL_FILE_321,1
FULL_FILE_315,FULL_FILE_315,0
FULL_FILE_151,FULL_FILE_151,0
FULL_FILE_239,FULL_FILE_239,1
FULL_FILE_176,FULL_FILE_176,0
FULL_FILE_182,FULL_FILE_182,0
FULL_FILE_228,FULL_FILE_228,0
FULL_FILE_69,FULL_FILE_69,0
FULL_FILE_49,FULL_FILE_49,0
FULL_FILE_373,FULL_FILE_373,0
FULL_FILE_78,FULL_FILE_78,0
FULL_FILE_330,FULL_FILE_330,0
FULL_FILE_213,FULL_FILE_213,0
FULL_FILE_275,FULL_FILE_275,1
FULL_FILE_97,FULL_FILE_97,0
FULL_FILE_360,FULL_FILE_360,0
FULL_FILE_312,FULL_FILE_312,1
FULL_FILE_359,FULL_FILE_359,0
FULL_FILE_386,FULL_FILE_386,0
FULL_FILE_3,FULL_FILE_3,0
FULL_FILE_438,FULL_FILE_438,0
FULL_FILE_231,FULL_FILE_231,0
FULL_FILE_333,FULL_FILE_333,0
FULL_FILE_238,FULL_FILE_238,0
FULL_FILE_340,FULL_FILE_340,0
FULL_FILE_155,FULL_FILE_155,1
FULL_FILE_119,FULL_FILE_119,0
FULL_FILE_271,FULL_FILE_271,1
FULL_FILE_264,FULL_FILE_264,0
FULL_FILE_241,FULL_FILE_241,0
FULL_FILE_225,FULL_FILE_225,0
FULL_FILE_318,FULL_FILE_318,0
FULL_FILE_233,FULL_FILE_233,0
FULL_FILE_171,FULL_FILE_171,0
FULL_FILE_323,FULL_FILE_323,1
FULL_FILE_351,FULL_FILE_351,0
FULL_FILE_397,FULL_FILE_397,0
FULL_FILE_142,FULL_FILE_142,0
FULL_FILE_459,FULL_FILE_459,0
FULL_FILE_177,FULL_FILE_177,0
FULL_FILE_207,FULL_FILE_207,0
FULL_FILE_222,FULL_FILE_222,0
FULL_FILE_402,FULL_FILE_402,0
FULL_FILE_246,FULL_FILE_246,1
FULL_FILE_300,FULL_FILE_300,0
FULL_FILE_322,FULL_FILE_322,1
FULL_FILE_93,FULL_FILE_93,0
FULL_FILE_268,FULL_FILE_268,0
FULL_FILE_32,FULL_FILE_32,0
FULL_FILE_301,FULL_FILE_301,0
FULL_FILE_160,FULL_FILE_160,0
FULL_FILE_267,FULL_FILE_267,0
FULL_FILE_177,FULL_FILE_177,1
FULL_FILE_167,FULL_FILE_167,0
FULL_FILE_239,FULL_FILE_239,1
FULL_FILE_166,FULL_FILE_166,0
FULL_FILE_203,FULL_FILE_203,1
FULL_FILE_347,FULL_FILE_347,1
FULL_FILE_368,FULL_FILE_368,0
FULL_FILE_409,FULL_FILE_409,0
FULL_FILE_203,FULL_FILE_203,1
FULL_FILE_49,FULL_FILE_49,1
FULL_FILE_110,FULL_FILE_110,0
FULL_FILE_84,FULL_FILE_84,0
FULL_FILE_147,FULL_FILE_147,1
FULL_FILE_396,FULL_FILE_396,0
FULL_FILE_291,FULL_FILE_291,0
FULL_FILE_276,FULL_FILE_276,0
FULL_FILE_522,FULL_FILE_522,0
FULL_FILE_195,FULL_FILE_195,0
FULL_FILE_275,FULL_FILE_275,1
FULL_FILE_446,FULL_FILE_446,0
FULL_FILE_414,FULL_FILE_414,0
FULL_FILE_345,FULL_FILE_345,0
FULL_FILE_54,FULL_FILE_54,0
FULL_FILE_330,FULL_FILE_330,1
FULL_FILE_210,FULL_FILE_210,0
FULL_FILE_238,FULL_FILE_238,0
FULL_FILE_128,FULL_FILE_128,0
FULL_FILE_243,FULL_FILE_243,0
FULL_FILE_219,FULL_FILE_219,1
FULL_FILE_75,FULL_FILE_75,0
FULL_FILE_331,FULL_FILE_331,0
FULL_FILE_379,FULL_FILE_379,0
FULL_FILE_393,FULL_FILE_393,0
FULL_FILE_197,FULL_FILE_197,0
FULL_FILE_43,FULL_FILE_43,0
FULL_FILE_333,FULL_FILE_333,0
FULL_FILE_87,FULL_FILE_87,0
FULL_FILE_310,FULL_FILE_310,0
FULL_FILE_143,FULL_FILE_143,1
FULL_FILE_445,FULL_FILE_445,0
FULL_FILE_256,FULL_FILE_256,1
FULL_FILE_163,FULL_FILE_163,0
FULL_FILE_91,FULL_FILE_91,0
FULL_FILE_392,FULL_FILE_392,0
FULL_FILE_218,FULL_FILE_218,1
FULL_FILE_251,FULL_FILE_251,0
FULL_FILE_448,FULL_FILE_448,0
FULL_FILE_281,FULL_FILE_281,0
FULL_FILE_351,FULL_FILE_351,0
FULL_FILE_273,FULL_FILE_273,0
FULL_FILE_470,FULL_FILE_470,0
FULL_FILE_104,FULL_FILE_104,0
FULL_FILE_134,FULL_FILE_134,0
FULL_FILE_201,FULL_FILE_201,0
FULL_FILE_243,FULL_FILE_243,0
FULL_FILE_402,FULL_FILE_402,0
FULL_FILE_131,FULL_FILE_131,1
FULL_FILE_1,FULL_FILE_1,0
FULL_FILE_103,FULL_FILE_103,0
FULL_FILE_196,FULL_FILE_196,0
FULL_FILE_354,FULL_FILE_354,1
FULL_FILE_180,FULL_FILE_180,0
FULL_FILE_431,FULL_FILE_431,0
FULL_FILE_267,FULL_FILE_267,0
FULL_FILE_125,FULL_FILE_125,0
FULL_FILE_217,FULL_FILE_217,1
FULL_FILE_79,FULL_FILE_79,0
FULL_FILE_46,FULL_FILE_46,1
FULL_FILE_77,FULL_FILE_77,0
FULL_FILE_233,FULL_FILE_233,0
FULL_FILE_236,FULL_FILE_236,1
FULL_FILE_435,FULL_FILE_435,0
FULL_FILE_190,FULL_FILE_190,0
FULL_FILE_326,FULL_FILE_326,0
FULL_FILE_244,FULL_FILE_244,0
FULL_FILE_184,FULL_FILE_184,0
FULL_FILE_293,FULL_FILE_293,0
FULL_FILE_183,FULL_FILE_183,0
FULL_FILE_307,FULL_FILE_307,0
FULL_FILE_264,FULL_FILE_264,0
FULL_FILE_168,FULL_FILE_168,0
FULL_FILE_272,FULL_FILE_272,1
FULL_FILE_339,FULL_FILE_339,0
FULL_FILE_73,FULL_FILE_73,0
FULL_FILE_177,FULL_FILE_177,1
FULL_FILE_336,FULL_FILE_336,0
FULL_FILE_137,FULL_FILE_137,1
FULL_FILE_317,FULL_FILE_317,0
FULL_FILE_253,FULL_FILE_253,0
FULL_FILE_244,FULL_FILE_244,1
FULL_FILE_410,FULL_FILE_410,0
FULL_FILE_72,FULL_FILE_72,0
FULL_FILE_176,FULL_FILE_176,1
FULL_FILE_329,FULL_FILE_329,1
FULL_FILE_404,FULL_FILE_404,0
FULL_FILE_250,FULL_FILE_250,1
FULL_FILE_309,FULL_FILE_309,0
FULL_FILE_169,FULL_FILE_169,0
FULL_FILE_177,FULL_FILE_177,1
FULL_FILE_174,FULL_FILE_174,0
FULL_FILE_1,FULL_FILE_1,0
FULL_FILE_415,FULL_FILE_415,0
FULL_FILE_88,FULL_FILE_88,0
FULL_FILE_401,FULL_FILE_401,0
FULL_FILE_249,FULL_FILE_249,0
FULL_FILE_243,FULL_FILE_243,0
FULL_FILE_148,FULL_FILE_148,0
FULL_FILE_477,FULL_FILE_477,0
FULL_FILE_155,FULL_FILE_155,1
FULL_FILE_389,FULL_FILE_389,0
FULL_FILE_377,FULL_FILE_377,1
FULL_FILE_362,FULL_FILE_362,0
FULL_FILE_244,FULL_FILE_244,1
FULL_FILE_291,FULL_FILE_291,0
FULL_FILE_99,FULL_FILE_99,0
FULL_FILE_318,FULL_FILE_318,0
FULL_FILE_226,FULL_FILE_226,0
FULL_FILE_314,FULL_FILE_314,0
FULL_FILE_223,FULL_FILE_223,0
FULL_FILE_270,FULL_FILE_270,0
FULL_FILE_58,FULL_FILE_58,0
FULL_FILE_39,FULL_FILE_39,0
FULL_FILE_134,FULL_FILE_134,0
FULL_FILE_264,FULL_FILE_264,0
FULL_FILE_460,FULL_FILE_460,0
FULL_FILE_293,FULL_FILE_293,0
FULL_FILE_246,FULL_FILE_246,1
FULL_FILE_170,FULL_FILE_170,0
FULL_FILE_360,FULL_FILE_360,0
FULL_FILE_201,FULL_FILE_201,0
FULL_FILE_182,FULL_FILE_182,1
FULL_FILE_174,FULL_FILE_174,0
FULL_FILE_546,FULL_FILE_546,0
FULL_FILE_258,FULL_FILE_258,0
FULL_FILE_279,FULL_FILE_279,0
FULL_FILE_529,FULL_FILE_529,0
FULL_FILE_146,FULL_FILE_146,0
FULL_FILE_60,FULL_FILE_60,0
FULL_FILE_459,FULL_FILE_459,0
FULL_FILE_484,FULL_FILE_484,0
FULL_FILE_444,FULL_FILE_444,0
FULL_FILE_149,FULL_FILE_149,0
FULL_FILE_376,FULL_FILE_376,0
FULL_FILE_373,FULL_FILE_373,1
FULL_FILE_461,FULL_FILE_461,0
FULL_FILE_320,FULL_FILE_320,0
FULL_FILE_216,FULL_FILE_216,0
FULL_FILE_16,FULL_FILE_16,0
FULL_FILE_293,FULL_FILE_293,1
FULL_FILE_289,FULL_FILE_289,0
FULL_FILE_417,FULL_FILE_417,0
FULL_FILE_214,FULL_FILE_214,0
FULL_FILE_406,FULL_FILE_406,0
FULL_FILE_431,FULL_FILE_431,0
FULL_FILE_85,FULL_FILE_85,0
FULL_FILE_26,FULL_FILE_26,0
FULL_FILE_191,FULL_FILE_191,0
FULL_FILE_155,FULL_FILE_155,1
FULL_FILE_132,FULL_FILE_132,0
FULL_FILE_350,FULL_FILE_350,0
FULL_FILE_349,FULL_FILE_349,1
FULL_FILE_250,FULL_FILE_250,1
FULL_FILE_150,FULL_FILE_150,0
FULL_FILE_380,FULL_FILE_380,0
FULL_FILE_294,FULL_FILE_294,0
FULL_FILE_151,FULL_FILE_151,1
FULL_FILE_318,FULL_FILE_318,0
FULL_FILE_418,FULL_FILE_418,1
FULL_FILE_245,FULL_FILE_245,0
FULL_FILE_146,FULL_FILE_146,0
FULL_FILE_215,FULL_FILE_215,0
FULL_FILE_191,FULL_FILE_191,1
FULL_FILE_329,FULL_FILE_329,1
FULL_FILE_148,FULL_FILE_148,0
FULL_FILE_226,FULL_FILE_226,0
FULL_FILE_260,FULL_FILE_260,1
FULL_FILE_221,FULL_FILE_221,0
FULL_FILE_202,FULL_FILE_202,0
FULL_FILE_295,FULL_FILE_295,0
FULL_FILE_197,FULL_FILE_197,0
FULL_FILE_266,FULL_FILE_266,0
FULL_FILE_128,FULL_FILE_128,0
FULL_FILE_171,FULL_FILE_171,0
FULL_FILE_270,FULL_FILE_270,0
FULL_FILE_155,FULL_FILE_155,1
FULL_FILE_408,FULL_FILE_408,0
FULL_FILE_176,FULL_FILE_176,1
FULL_FILE_171,FULL_FILE_171,1
FULL_FILE_389,FULL_FILE_389,0
FULL_FILE_334,FULL_FILE_334,0
FULL_FILE_153,FULL_FILE_153,0
FULL_FILE_83,FULL_FILE_83,0
FULL_FILE_339,FULL_FILE_339,0
FULL_FILE_116,FULL_FILE_116,0
FULL_FILE_281,FULL_FILE_281,0
FULL_FILE_348,FULL_FILE_348,0
FULL_FILE_307,FULL_FILE_307,0
FULL_FILE_198,FULL_FILE_198,0
FULL_FILE_162,FULL_FILE_162,1
FULL_FILE_367,FULL_FILE_367,0
FULL_FILE_388,FULL_FILE_388,0
FULL_FILE_57,FULL_FILE_57,0
FULL_FILE_337,FULL_FILE_337,0
FULL_FILE_199,FULL_FILE_199,0
FULL_FILE_360,FULL_FILE_360,0
FULL_FILE_351,FULL_FILE_351,0
FULL_FILE_236,FULL_FILE_236,1
FULL_FILE_15,FULL_FILE_15,0
FULL_FILE_194,FULL_FILE_194,0
FULL_FILE_293,FULL_FILE_293,1
FULL_FILE_213,FULL_FILE_213,0
FULL_FILE_423,FULL_FILE_423,0
FULL_FILE_213,FULL_FILE_213,1
FULL_FILE_101,FULL_FILE_101,0
FULL_FILE_126,FULL_FILE_126,0
FULL_FILE_361,FULL_FILE_361,0
FULL_FILE_112,FULL_FILE_112,0
FULL_FILE_647,FULL_FILE_647,0
FULL_FILE_237,FULL_FILE_237,1
FULL_FILE_205,FULL_FILE_205,0
FULL_FILE_215,FULL_FILE_215,0
FULL_FILE_193,FULL_FILE_193,0
FULL_FILE_263,FULL_FILE_263,0
FULL_FILE_241,FULL_FILE_241,0
FULL_FILE_352,FULL_FILE_352,0
FULL_FILE_333,FULL_FILE_333,0
FULL_FILE_268,FULL_FILE_268,0
FULL_FILE_139,FULL_FILE_139,0
FULL_FILE_188,FULL_FILE_188,0
FULL_FILE_395,FULL_FILE_395,0
FULL_FILE_260,FULL_FILE_260,1
FULL_FILE_384,FULL_FILE_384,1
FULL_FILE_98,FULL_FILE_98,0
FULL_FILE_215,FULL_FILE_215,1
FULL_FILE_389,FULL_FILE_389,0
FULL_FILE_306,FULL_FILE_306,0
FULL_FILE_266,FULL_FILE_266,0
FULL_FILE_340,FULL_FILE_340,0
FULL_FILE_206,FULL_FILE_206,0
FULL_FILE_308,FULL_FILE_308,0
FULL_FILE_271,FULL_FILE_271,1
FULL_FILE_62,FULL_FILE_62,0
FULL_FILE_269,FULL_FILE_269,0
FULL_FILE_139,FULL_FILE_139,1
FULL_FILE_324,FULL_FILE_324,0
FULL_FILE_6,FULL_FILE_6,0
FULL_FILE_129,FULL_FILE_129,0
FULL_FILE_408,FULL_FILE_408,0
FULL_FILE_50,FULL_FILE_50,0
FULL_FILE_614,FULL_FILE_614,0
FULL_FILE_266,FULL_FILE_266,1
FULL_FILE_295,FULL_FILE_295,0
FULL_FILE_314,FULL_FILE_314,0
FULL_FILE_377,FULL_FILE_377,1
FULL_FILE_211,FULL_FILE_211,0
FULL_FILE_99,FULL_FILE_99,0
FULL_FILE_41,FULL_FILE_41,0
FULL_FILE_230,FULL_FILE_230,1
FULL_FILE_211,FULL_FILE_211,1
FULL_FILE_294,FULL_FILE_294,0
FULL_FILE_258,FULL_FILE_258,0
FULL_FILE_316,FULL_FILE_316,0
FULL_FILE_293,FULL_FILE_293,1
FULL_FILE_241,FULL_FILE_241,0
FULL_FILE_151,FULL_FILE_151,1
FULL_FILE_196,FULL_FILE_196,0
FULL_FILE_340,FULL_FILE_340,1
FULL_FILE_256,FULL_FILE_256,1
FULL_FILE_177,FULL_FILE_177,1
FULL_FILE_432,FULL_FILE_432,1
FULL_FILE_78,FULL_FILE_78,0
FULL_FILE_150,FULL_FILE_150,0
FULL_FILE_313,FULL_FILE_313,0
FULL_FILE_130,FULL_FILE_130,0
FULL_FILE_312,FULL_FILE_312,1
FULL_FILE_284,FULL_FILE_284,0
FULL_FILE_284,FULL_FILE_284,1
FULL_FILE_138,FULL_FILE_138,0
FULL_FILE_306,FULL_FILE_306,0
FULL_FILE_228,FULL_FILE_228,0
FULL_FILE_252,FULL_FILE_252,0
FULL_FILE_97,FULL_FILE_97,0
FULL_FILE_432,FULL_FILE_432,1
FULL_FILE_411,FULL_FILE_411,0
FULL_FILE_317,FULL_FILE_317,0
FULL_FILE_384,FULL_FILE_384,1
FULL_FILE_59,FULL_FILE_59,0
FULL_FILE_332,FULL_FILE_332,0
FULL_FILE_292,FULL_FILE_292,0
FULL_FILE_186,FULL_FILE_186,0
FULL_FILE_435,FULL_FILE_435,0
FULL_FILE_158,FULL_FILE_158,0
FULL_FILE_95,FULL_FILE_95,0
FULL_FILE_254,FULL_FILE_254,0
FULL_FILE_270,FULL_FILE_270,0
FULL_FILE_479,FULL_FILE_479,0
FULL_FILE_344,FULL_FILE_344,0
FULL_FILE_386,FULL_FILE_386,0
FULL_FILE_214,FULL_FILE_214,0
FULL_FILE_346,FULL_FILE_346,0
FULL_FILE_299,FULL_FILE_299,0
FULL_FILE_77,FULL_FILE_77,0
FULL_FILE_173,FULL_FILE_173,0
FULL_FILE_216,FULL_FILE_216,0
FULL_FILE_248,FULL_FILE_248,0
FULL_FILE_75,FULL_FILE_75,0
FULL_FILE_240,FULL_FILE_240,0
FULL_FILE_226,FULL_FILE_226,0
FULL_FILE_258,FULL_FILE_258,0
FULL_FILE_191,FULL_FILE_191,1
FULL_FILE_112,FULL_FILE_112,0
FULL_FILE_162,FULL_FILE_162,1
FULL_FILE_273,FULL_FILE_273,0
FULL_FILE_330,FULL_FILE_330,1
FULL_FILE_232,FULL_FILE_232,0
FULL_FILE_390,FULL_FILE_390,0
FULL_FILE_174,FULL_FILE_174,0
FULL_FILE_368,FULL_FILE_368,0
FULL_FILE_405,FULL_FILE_405,0
FULL_FILE_190,FULL_FILE_190,0
FULL_FILE_331,FULL_FILE_331,0
FULL_FILE_348,FULL_FILE_348,0
FULL_FILE_328,FULL_FILE_328,1
FULL_FILE_217,FULL_FILE_217,1
FULL_FILE_182,FULL_FILE_182,1
FULL_FILE_306,FULL_FILE_306,0
FULL_FILE_182,FULL_FILE_182,1
FULL_FILE_410,FULL_FILE_410,0
FULL_FILE_444,FULL_FILE_444,0
FULL_FILE_378,FULL_FILE_378,0
FULL_FILE_63,FULL_FILE_63,0
FULL_FILE_201,FULL_FILE_201,0
FULL_FILE_162,FULL_FILE_162,1
FULL_FILE_212,FULL_FILE_212,0
FULL_FILE_181,FULL_FILE_181,0
FULL_FILE_406,FULL_FILE_406,0
FULL_FILE_362,FULL_FILE_362,0
FULL_FILE_269,FULL_FILE_269,0
FULL_FILE_119,FULL_FILE_119,0
FULL_FILE_25,FULL_FILE_25,0
FULL_FILE_35,FULL_FILE_35,1
FULL_FILE_224,FULL_FILE_224,1
FULL_FILE_349,FULL_FILE_349,1
FULL_FILE_403,FULL_FILE_403,0
FULL_FILE_168,FULL_FILE_168,0
FULL_FILE_497,FULL_FILE_497,0
FULL_FILE_393,FULL_FILE_393,0
FULL_FILE_146,FULL_FILE_146,0
FULL_FILE_77,FULL_FILE_77,0
FULL_FILE_74,FULL_FILE_74,0
FULL_FILE_141,FULL_FILE_141,1
FULL_FILE_89,FULL_FILE_89,0
FULL_FILE_159,FULL_FILE_159,0
FULL_FILE_283,FULL_FILE_283,0
FULL_FILE_14,FULL_FILE_14,0
FULL_FILE_177,FULL_FILE_177,1
FULL_FILE_357,FULL_FILE_357,1
FULL_FILE_176,FULL_FILE_176,1
FULL_FILE_144,FULL_FILE_144,0
FULL_FILE_376,FULL_FILE_376,0
FULL_FILE_203,FULL_FILE_203,1
FULL_FILE_86,FULL_FILE_86,1
FULL_FILE_256,FULL_FILE_256,1
FULL_FILE_61,FULL_FILE_61,0
FULL_FILE_206,FULL_FILE_206,0
FULL_FILE_20,FULL_FILE_20,1
FULL_FILE_423,FULL_FILE_423,0
FULL_FILE_9,FULL_FILE_9,0
FULL_FILE_348,FULL_FILE_348,0
FULL_FILE_244,FULL_FILE_244,1
FULL_FILE_93,FULL_FILE_93,0
FULL_FILE_281,FULL_FILE_281,0
FULL_FILE_157,FULL_FILE_157,0
FULL_FILE_238,FULL_FILE_238,0
FULL_FILE_641,FULL_FILE_641,0
FULL_FILE_204,FULL_FILE_204,0
FULL_FILE_203,FULL_FILE_203,1
FULL_FILE_235,FULL_FILE_235,1
FULL_FILE_389,FULL_FILE_389,0
FULL_FILE_378,FULL_FILE_378,0
FULL_FILE_248,FULL_FILE_248,0
FULL_FILE_435,FULL_FILE_435,0
FULL_FILE_105,FULL_FILE_105,1
FULL_FILE_276,FULL_FILE_276,0
FULL_FILE_630,FULL_FILE_630,0
FULL_FILE_297,FULL_FILE_297,0
FULL_FILE_271,FULL_FILE_271,1
FULL_FILE_320,FULL_FILE_320,0
FULL_FILE_207,FULL_FILE_207,0
FULL_FILE_202,FULL_FILE_202,0
FULL_FILE_172,FULL_FILE_172,0
FULL_FILE_297,FULL_FILE_297,1
FULL_FILE_54,FULL_FILE_54,0
FULL_FILE_213,FULL_FILE_213,1
FULL_FILE_401,FULL_FILE_401,0
FULL_FILE_207,FULL_FILE_207,1
FULL_FILE_239,FULL_FILE_239,1
FULL_FILE_232,FULL_FILE_232,0
FULL_FILE_172,FULL_FILE_172,1
FULL_FILE_145,FULL_FILE_145,0
FULL_FILE_146,FULL_FILE_146,0
FULL_FILE_35,FULL_FILE_35,1
FULL_FILE_114,FULL_FILE_114,0
FULL_FILE_247,FULL_FILE_247,0
FULL_FILE_130,FULL_FILE_130,0
FULL_FILE_436,FULL_FILE_436,0
FULL_FILE_507,FULL_FILE_507,0
FULL_FILE_19,FULL_FILE_19,0
FULL_FILE_483,FULL_FILE_483,0
FULL_FILE_42,FULL_FILE_42,0
FULL_FILE_381,FULL_FILE_381,0
FULL_FILE_198,FULL_FILE_198,0
FULL_FILE_83,FULL_FILE_83,0
FULL_FILE_370,FULL_FILE_370,0
FULL_FILE_164,FULL_FILE_164,0
FULL_FILE_111,FULL_FILE_111,0
FULL_FILE_195,FULL_FILE_195,0
FULL_FILE_475,FULL_FILE_475,0
FULL_FILE_323,FULL_FILE_323,1
FULL_FILE_242,FULL_FILE_242,0
FULL_FILE_227,FULL_FILE_227,0
FULL_FILE_295,FULL_FILE_295,0
FULL_FILE_147,FULL_FILE_147,1
FULL_FILE_385,FULL_FILE_385,0
FULL_FILE_230,FULL_FILE_230,1
FULL_FILE_238,FULL_FILE_238,0
FULL_FILE_109,FULL_FILE_109,0
FULL_FILE_54,FULL_FILE_54,0
FULL_FILE_290,FULL_FILE_290,0
FULL_FILE_350,FULL_FILE_350,0
FULL_FILE_240,FULL_FILE_240,0
FULL_FILE_567,FULL_FILE_567,0
FULL_FILE_253,FULL_FILE_253,0
FULL_FILE_369,FULL_FILE_369,0
FULL_FILE_232,FULL_FILE_232,0
FULL_FILE_111,FULL_FILE_111,1
FULL_FILE_335,FULL_FILE_335,0
FULL_FILE_386,FULL_FILE_386,0
FULL_FILE_419,FULL_FILE_419,1
FULL_FILE_114,FULL_FILE_114,0
FULL_FILE_264,FULL_FILE_264,0
FULL_FILE_116,FULL_FILE_116,0
FULL_FILE_127,FULL_FILE_127,0
FULL_FILE_316,FULL_FILE_316,0
FULL_FILE_315,FULL_FILE_315,0
FULL_FILE_251,FULL_FILE_251,0
FULL_FILE_247,FULL_FILE_247,0
FULL_FILE_83,FULL_FILE_83,0
FULL_FILE_297,FULL_FILE_297,1
FULL_FILE_173,FULL_FILE_173,0
FULL_FILE_344,FULL_FILE_344,0
FULL_FILE_260,FULL_FILE_260,1
FULL_FILE_366,FULL_FILE_366,1
FULL_FILE_364,FULL_FILE_364,0
FULL_FILE_483,FULL_FILE_483,0
FULL_FILE_55,FULL_FILE_55,0
FULL_FILE_411,FULL_FILE_411,0
FULL_FILE_255,FULL_FILE_255,1
FULL_FILE_316,FULL_FILE_316,1
FULL_FILE_338,FULL_FILE_338,1
FULL_FILE_59,FULL_FILE_59,0
FULL_FILE_387,FULL_FILE_387,0
FULL_FILE_115,FULL_FILE_115,0
FULL_FILE_154,FULL_FILE_154,0
FULL_FILE_138,FULL_FILE_138,0
FULL_FILE_279,FULL_FILE_279,0
FULL_FILE_207,FULL_FILE_207,1
FULL_FILE_70,FULL_FILE_70,0
FULL_FILE_417,FULL_FILE_417,0
FULL_FILE_307,FULL_FILE_307,0
FULL_FILE_183,FULL_FILE_183,0
FULL_FILE_139,FULL_FILE_139,1
FULL_FILE_318,FULL_FILE_318,0
FULL_FILE_85,FULL_FILE_85,0
FULL_FILE_256,FULL_FILE_256,1
FULL_FILE_266,FULL_FILE_266,1
FULL_FILE_384,FULL_FILE_384,1
FULL_FILE_140,FULL_FILE_140,0
FULL_FILE_249,FULL_FILE_249,0
FULL_FILE_141,FULL_FILE_141,1
FULL_FILE_328,FULL_FILE_328,1
FULL_FILE_23,FULL_FILE_23,0
FULL_FILE_506,FULL_FILE_506,0
FULL_FILE_248,FULL_FILE_248,0
FULL_FILE_396,FULL_FILE_396,0
FULL_FILE_436,FULL_FILE_436,0
FULL_FILE_173,FULL_FILE_173,0
FULL_FILE_362,FULL_FILE_362,0
FULL_FILE_114,FULL_FILE_114,0
FULL_FILE_18,FULL_FILE_18,0
FULL_FILE_345,FULL_FILE_345,0
FULL_FILE_242,FULL_FILE_242,0
FULL_FILE_214,FULL_FILE_214,0
FULL_FILE_254,FULL_FILE_254,0
FULL_FILE_296,FULL_FILE_296,0
FULL_FILE_563,FULL_FILE_563,0
FULL_FILE_422,FULL_FILE_422,0
FULL_FILE_210,FULL_FILE_210,0
FULL_FILE_391,FULL_FILE_391,0
FULL_FILE_322,FULL_FILE_322,1
FULL_FILE_422,FULL_FILE_422,1
FULL_FILE_127,FULL_FILE_127,0
FULL_FILE_340,FULL_FILE_340,1
FULL_FILE_183,FULL_FILE_183,0
FULL_FILE_460,FULL_FILE_460,0
FULL_FILE_422,FULL_FILE_422,1
FULL_FILE_281,FULL_FILE_281,0
FULL_FILE_397,FULL_FILE_397,0
FULL_FILE_92,FULL_FILE_92,0
FULL_FILE_457,FULL_FILE_457,0
FULL_FILE_183,FULL_FILE_183,1
FULL_FILE_50,FULL_FILE_50,0
FULL_FILE_261,FULL_FILE_261,0
FULL_FILE_462,FULL_FILE_462,0
FULL_FILE_256,FULL_FILE_256,1
FULL_FILE_174,FULL_FILE_174,0
FULL_FILE_240,FULL_FILE_240,0
FULL_FILE_526,FULL_FILE_526,0
FULL_FILE_325,FULL_FILE_325,0
FULL_FILE_410,FULL_FILE_410,0
FULL_FILE_66,FULL_FILE_66,0
FULL_FILE_446,FULL_FILE_446,0
FULL_FILE_35,FULL_FILE_35,1
FULL_FILE_416,FULL_FILE_416,0
FULL_FILE_321,FULL_FILE_321,1
FULL_FILE_453,FULL_FILE_453,0
FULL_FILE_223,FULL_FILE_223,0
FULL_FILE_187,FULL_FILE_187,0
FULL_FILE_239,FULL_FILE_239,1
FULL_FILE_159,FULL_FILE_159,0
FULL_FILE_192,FULL_FILE_192,1
FULL_FILE_328,FULL_FILE_328,1
FULL_FILE_226,FULL_FILE_226,0
FULL_FILE_330,FULL_FILE_330,1
FULL_FILE_173,FULL_FILE_173,0
FULL_FILE_349,FULL_FILE_349,1
FULL_FILE_194,FULL_FILE_194,0
FULL_FILE_312,FULL_FILE_312,1
FULL_FILE_380,FULL_FILE_380,0
FULL_FILE_124,FULL_FILE_124,0
FULL_FILE_311,FULL_FILE_311,0
FULL_FILE_58,FULL_FILE_58,0
FULL_FILE_359,FULL_FILE_359,0
FULL_FILE_166,FULL_FILE_166,0
FULL_FILE_171,FULL_FILE_171,1
FULL_FILE_101,FULL_FILE_101,0
FULL_FILE_448,FULL_FILE_448,0
FULL_FILE_268,FULL_FILE_268,0
FULL_FILE_371,FULL_FILE_371,0
FULL_FILE_322,FULL_FILE_322,1
FULL_FILE_519,FULL_FILE_519,0
FULL_FILE_327,FULL_FILE_327,0
FULL_FILE_269,FULL_FILE_269,0
FULL_FILE_0,FULL_FILE_0,0
FULL_FILE_326,FULL_FILE_326,0
FULL_FILE_160,FULL_FILE_160,0
FULL_FILE_258,FULL_FILE_258,0
FULL_FILE_28,FULL_FILE_28,0
FULL_FILE_109,FULL_FILE_109,0
FULL_FILE_361,FULL_FILE_361,0
FULL_FILE_187,FULL_FILE_187,0
FULL_FILE_272,FULL_FILE_272,1
FULL_FILE_324,FULL_FILE_324,0
FULL_FILE_258,FULL_FILE_258,1
FULL_FILE_220,FULL_FILE_220,0
FULL_FILE_208,FULL_FILE_208,0
FULL_FILE_257,FULL_FILE_257,0
FULL_FILE_151,FULL_FILE_151,1
FULL_FILE_291,FULL_FILE_291,0
FULL_FILE_130,FULL_FILE_130,0
FULL_FILE_175,FULL_FILE_175,0
FULL_FILE_241,FULL_FILE_241,0
FULL_FILE_283,FULL_FILE_283,0
FULL_FILE_77,FULL_FILE_77,0
FULL_FILE_345,FULL_FILE_345,0
FULL_FILE_21,FULL_FILE_21,0
FULL_FILE_387,FULL_FILE_387,0
FULL_FILE_96,FULL_FILE_96,0
FULL_FILE_26,FULL_FILE_26,0
FULL_FILE_107,FULL_FILE_107,0
FULL_FILE_271,FULL_FILE_271,1
FULL_FILE_150,FULL_FILE_150,0
FULL_FILE_87,FULL_FILE_87,0
FULL_FILE_117,FULL_FILE_117,0
FULL_FILE_243,FULL_FILE_243,0
FULL_FILE_250,FULL_FILE_250,1
FULL_FILE_371,FULL_FILE_371,0
FULL_FILE_462,FULL_FILE_462,0
FULL_FILE_212,FULL_FILE_212,0
FULL_FILE_180,FULL_FILE_180,0
FULL_FILE_247,FULL_FILE_247,0
FULL_FILE_159,FULL_FILE_159,0
FULL_FILE_351,FULL_FILE_351,0
FULL_FILE_195,FULL_FILE_195,0
FULL_FILE_407,FULL_FILE_407,0
FULL_FILE_491,FULL_FILE_491,0
FULL_FILE_272,FULL_FILE_272,1
FULL_FILE_290,FULL_FILE_290,0
FULL_FILE_213,FULL_FILE_213,1
FULL_FILE_138,FULL_FILE_138,0
FULL_FILE_126,FULL_FILE_126,0
FULL_FILE_273,FULL_FILE_273,0
FULL_FILE_314,FULL_FILE_314,0
FULL_FILE_349,FULL_FILE_349,1
FULL_FILE_139,FULL_FILE_139,1
FULL_FILE_280,FULL_FILE_280,0
FULL_FILE_240,FULL_FILE_240,0
FULL_FILE_299,FULL_FILE_299,0
FULL_FILE_355,FULL_FILE_355,0
FULL_FILE_301,FULL_FILE_301,0
FULL_FILE_207,FULL_FILE_207,1
FULL_FILE_252,FULL_FILE_252,0
FULL_FILE_282,FULL_FILE_282,0
FULL_FILE_354,FULL_FILE_354,1
FULL_FILE_234,FULL_FILE_234,0
FULL_FILE_352,FULL_FILE_352,0
FULL_FILE_294,FULL_FILE_294,0
FULL_FILE_263,FULL_FILE_263,0
FULL_FILE_86,FULL_FILE_86,1
FULL_FILE_201,FULL_FILE_201,0
FULL_FILE_29,FULL_FILE_29,0
FULL_FILE_19,FULL_FILE_19,0
FULL_FILE_239,FULL_FILE_239,1
FULL_FILE_276,FULL_FILE_276,0
FULL_FILE_221,FULL_FILE_221,0
FULL_FILE_365,FULL_FILE_365,0
FULL_FILE_180,FULL_FILE_180,0
FULL_FILE_65,FULL_FILE_65,0
FULL_FILE_144,FULL_FILE_144,0
FULL_FILE_242,FULL_FILE_242,0
FULL_FILE_389,FULL_FILE_389,0
FULL_FILE_162,FULL_FILE_162,1
FULL_FILE_128,FULL_FILE_128,0
FULL_FILE_401,FULL_FILE_401,0
FULL_FILE_338,FULL_FILE_338,1
FULL_FILE_534,FULL_FILE_534,0
FULL_FILE_204,FULL_FILE_204,0
FULL_FILE_83,FULL_FILE_83,0
FULL_FILE_80,FULL_FILE_80,0
FULL_FILE_40,FULL_FILE_40,0
FULL_FILE_407,FULL_FILE_407,0
FULL_FILE_325,FULL_FILE_325,0
FULL_FILE_468,FULL_FILE_468,0
FULL_FILE_245,FULL_FILE_245,0
FULL_FILE_308,FULL_FILE_308,0
FULL_FILE_433,FULL_FILE_433,0
FULL_FILE_69,FULL_FILE_69,0
FULL_FILE_244,FULL_FILE_244,1
FULL_FILE_207,FULL_FILE_207,1
FULL_FILE_373,FULL_FILE_373,1
FULL_FILE_288,FULL_FILE_288,1
FULL_FILE_187,FULL_FILE_187,0
FULL_FILE_205,FULL_FILE_205,0
FULL_FILE_465,FULL_FILE_465,0
FULL_FILE_188,FULL_FILE_188,0
FULL_FILE_296,FULL_FILE_296,0
FULL_FILE_300,FULL_FILE_300,0
FULL_FILE_90,FULL_FILE_90,0
FULL_FILE_310,FULL_FILE_310,0
FULL_FILE_172,FULL_FILE_172,1
FULL_FILE_199,FULL_FILE_199,0
FULL_FILE_186,FULL_FILE_186,0
FULL_FILE_344,FULL_FILE_344,0
FULL_FILE_254,FULL_FILE_254,0
FULL_FILE_290,FULL_FILE_290,0
FULL_FILE_396,FULL_FILE_396,0
FULL_FILE_81,FULL_FILE_81,0
FULL_FILE_266,FULL_FILE_266,1
FULL_FILE_208,FULL_FILE_208,0
FULL_FILE_453,FULL_FILE_453,0
FULL_FILE_123,FULL_FILE_123,0
FULL_FILE_106,FULL_FILE_106,0
FULL_FILE_254,FULL_FILE_254,1
FULL_FILE_375,FULL_FILE_375,0
FULL_FILE_197,FULL_FILE_197,0
FULL_FILE_261,FULL_FILE_261,0
FULL_FILE_266,FULL_FILE_266,1
FULL_FILE_180,FULL_FILE_180,0
FULL_FILE_421,FULL_FILE_421,0
FULL_FILE_128,FULL_FILE_128,0
FULL_FILE_167,FULL_FILE_167,0
FULL_FILE_311,FULL_FILE_311,0
FULL_FILE_10,FULL_FILE_10,0
FULL_FILE_464,FULL_FILE_464,0
FULL_FILE_45,FULL_FILE_45,0
FULL_FILE_542,FULL_FILE_542,0
FULL_FILE_250,FULL_FILE_250,1
FULL_FILE_301,FULL_FILE_301,0
FULL_FILE_215,FULL_FILE_215,1
FULL_FILE_380,FULL_FILE_380,0
FULL_FILE_344,FULL_FILE_344,0
FULL_FILE_161,FULL_FILE_161,0
FULL_FILE_235,FULL_FILE_235,1
FULL_FILE_90,FULL_FILE_90,0
FULL_FILE_387,FULL_FILE_387,0
FULL_FILE_395,FULL_FILE_395,0
FULL_FILE_64,FULL_FILE_64,0
FULL_FILE_405,FULL_FILE_405,0
FULL_FILE_165,FULL_FILE_165,0
FULL_FILE_249,FULL_FILE_249,0
FULL_FILE_511,FULL_FILE_511,0
FULL_FILE_336,FULL_FILE_336,0
FULL_FILE_281,FULL_FILE_281,0
FULL_FILE_126,FULL_FILE_126,0
FULL_FILE_168,FULL_FILE_168,0
FULL_FILE_402,FULL_FILE_402,0
FULL_FILE_25,FULL_FILE_25,0
FULL_FILE_149,FULL_FILE_149,0
FULL_FILE_162,FULL_FILE_162,1
FULL_FILE_348,FULL_FILE_348,0
FULL_FILE_50,FULL_FILE_50,0
FULL_FILE_351,FULL_FILE_351,0
FULL_FILE_136,FULL_FILE_136,0
FULL_FILE_348,FULL_FILE_348,1
FULL_FILE_245,FULL_FILE_245,0
FULL_FILE_568,FULL_FILE_568,0
FULL_FILE_314,FULL_FILE_314,0
FULL_FILE_381,FULL_FILE_381,0
FULL_FILE_98,FULL_FILE_98,0
FULL_FILE_221,FULL_FILE_221,0
FULL_FILE_10,FULL_FILE_10,0
FULL_FILE_375,FULL_FILE_375,0
FULL_FILE_313,FULL_FILE_313,0
FULL_FILE_331,FULL_FILE_331,0
FULL_FILE_199,FULL_FILE_199,0
FULL_FILE_99,FULL_FILE_99,0
FULL_FILE_65,FULL_FILE_65,0
FULL_FILE_330,FULL_FILE_330,1
FULL_FILE_219,FULL_FILE_219,1
FULL_FILE_296,FULL_FILE_296,0
FULL_FILE_189,FULL_FILE_189,0
FULL_FILE_213,FULL_FILE_213,1
FULL_FILE_176,FULL_FILE_176,1
FULL_FILE_35,FULL_FILE_35,1
FULL_FILE_268,FULL_FILE_268,0
FULL_FILE_284,FULL_FILE_284,1
FULL_FILE_577,FULL_FILE_577,0
FULL_FILE_341,FULL_FILE_341,0
FULL_FILE_407,FULL_FILE_407,0
FULL_FILE_281,FULL_FILE_281,0
FULL_FILE_282,FULL_FILE_282,0
FULL_FILE_202,FULL_FILE_202,0
FULL_FILE_365,FULL_FILE_365,0
FULL_FILE_506,FULL_FILE_506,0
FULL_FILE_259,FULL_FILE_259,0
FULL_FILE_156,FULL_FILE_156,0
FULL_FILE_123,FULL_FILE_123,0
FULL_FILE_458,FULL_FILE_458,0
FULL_FILE_192,FULL_FILE_192,1
FULL_FILE_226,FULL_FILE_226,0
FULL_FILE_232,FULL_FILE_232,0
FULL_FILE_220,FULL_FILE_220,0
FULL_FILE_120,FULL_FILE_120,0
FULL_FILE_154,FULL_FILE_154,0
FULL_FILE_97,FULL_FILE_97,0
FULL_FILE_72,FULL_FILE_72,0
FULL_FILE_363,FULL_FILE_363,0
FULL_FILE_126,FULL_FILE_126,0
FULL_FILE_241,FULL_FILE_241,0
FULL_FILE_476,FULL_FILE_476,0
FULL_FILE_409,FULL_FILE_409,0
FULL_FILE_31,FULL_FILE_31,0
FULL_FILE_207,FULL_FILE_207,1
FULL_FILE_147,FULL_FILE_147,1
FULL_FILE_259,FULL_FILE_259,1
FULL_FILE_417,FULL_FILE_417,0
FULL_FILE_386,FULL_FILE_386,0
FULL_FILE_291,FULL_FILE_291,0
FULL_FILE_225,FULL_FILE_225,0
FULL_FILE_436,FULL_FILE_436,0
FULL_FILE_85,FULL_FILE_85,0
FULL_FILE_102,FULL_FILE_102,0
FULL_FILE_316,FULL_FILE_316,1
FULL_FILE_171,FULL_FILE_171,1
FULL_FILE_112,FULL_FILE_112,0
FULL_FILE_237,FULL_FILE_237,1
FULL_FILE_367,FULL_FILE_367,0
FULL_FILE_270,FULL_FILE_270,0
FULL_FILE_276,FULL_FILE_276,0
FULL_FILE_294,FULL_FILE_294,0
FULL_FILE_308,FULL_FILE_308,0
FULL_FILE_102,FULL_FILE_102,1
FULL_FILE_338,FULL_FILE_338,1
FULL_FILE_147,FULL_FILE_147,1
FULL_FILE_238,FULL_FILE_238,0
FULL_FILE_340,FULL_FILE_340,1
FULL_FILE_182,FULL_FILE_182,1
FULL_FILE_330,FULL_FILE_330,1
FULL_FILE_154,FULL_FILE_154,0
FULL_FILE_248,FULL_FILE_248,0
FULL_FILE_191,FULL_FILE_191,1
FULL_FILE_261,FULL_FILE_261,0
FULL_FILE_193,FULL_FILE_193,0
FULL_FILE_123,FULL_FILE_123,0
FULL_FILE_199,FULL_FILE_199,0
FULL_FILE_230,FULL_FILE_230,1
FULL_FILE_320,FULL_FILE_320,0
FULL_FILE_201,FULL_FILE_201,0
FULL_FILE_208,FULL_FILE_208,0
FULL_FILE_224,FULL_FILE_224,1
FULL_FILE_73,FULL_FILE_73,0
FULL_FILE_327,FULL_FILE_327,0
FULL_FILE_257,FULL_FILE_257,0
FULL_FILE_435,FULL_FILE_435,0
FULL_FILE_278,FULL_FILE_278,0
FULL_FILE_300,FULL_FILE_300,0
FULL_FILE_500,FULL_FILE_500,0
FULL_FILE_321,FULL_FILE_321,1
FULL_FILE_71,FULL_FILE_71,0
FULL_FILE_326,FULL_FILE_326,0
FULL_FILE_179,FULL_FILE_179,0
FULL_FILE_176,FULL_FILE_176,1
FULL_FILE_123,FULL_FILE_123,1
FULL_FILE_419,FULL_FILE_419,1
FULL_FILE_292,FULL_FILE_292,0
FULL_FILE_169,FULL_FILE_169,0
FULL_FILE_271,FULL_FILE_271,1
FULL_FILE_434,FULL_FILE_434,0
FULL_FILE_218,FULL_FILE_218,1
FULL_FILE_415,FULL_FILE_415,0
FULL_FILE_300,FULL_FILE_300,1
FULL_FILE_288,FULL_FILE_288,1
FULL_FILE_471,FULL_FILE_471,0
FULL_FILE_321,FULL_FILE_321,1
FULL_FILE_387,FULL_FILE_387,0
FULL_FILE_226,FULL_FILE_226,0
FULL_FILE_290,FULL_FILE_290,0
FULL_FILE_351,FULL_FILE_351,0
FULL_FILE_206,FULL_FILE_206,0
FULL_FILE_118,FULL_FILE_118,0
FULL_FILE_352,FULL_FILE_352,0
FULL_FILE_289,FULL_FILE_289,0
FULL_FILE_170,FULL_FILE_170,0
FULL_FILE_142,FULL_FILE_142,0
FULL_FILE_168,FULL_FILE_168,0
FULL_FILE_285,FULL_FILE_285,0
FULL_FILE_341,FULL_FILE_341,0
FULL_FILE_235,FULL_FILE_235,1
FULL_FILE_194,FULL_FILE_194,0
FULL_FILE_225,FULL_FILE_225,0
FULL_FILE_204,FULL_FILE_204,0
FULL_FILE_208,FULL_FILE_208,0
FULL_FILE_371,FULL_FILE_371,0
FULL_FILE_165,FULL_FILE_165,0
FULL_FILE_294,FULL_FILE_294,0
FULL_FILE_185,FULL_FILE_185,0
FULL_FILE_407,FULL_FILE_407,0
FULL_FILE_417,FULL_FILE_417,0
FULL_FILE_236,FULL_FILE_236,1
FULL_FILE_140,FULL_FILE_140,0
FULL_FILE_323,FULL_FILE_323,1
FULL_FILE_148,FULL_FILE_148,0
FULL_FILE_196,FULL_FILE_196,0
FULL_FILE_137,FULL_FILE_137,1
FULL_FILE_202,FULL_FILE_202,0
FULL_FILE_276,FULL_FILE_276,0
FULL_FILE_156,FULL_FILE_156,0
FULL_FILE_270,FULL_FILE_270,0
FULL_FILE_266,FULL_FILE_266,1
FULL_FILE_369,FULL_FILE_369,0
FULL_FILE_383,FULL_FILE_383,0
FULL_FILE_440,FULL_FILE_440,0
FULL_FILE_293,FULL_FILE_293,1
FULL_FILE_346,FULL_FILE_346,0
FULL_FILE_230,FULL_FILE_230,1
FULL_FILE_373,FULL_FILE_373,1
FULL_FILE_105,FULL_FILE_105,1
FULL_FILE_344,FULL_FILE_344,0
FULL_FILE_135,FULL_FILE_135,0
FULL_FILE_239,FULL_FILE_239,1
FULL_FILE_288,FULL_FILE_288,1
FULL_FILE_137,FULL_FILE_137,1
FULL_FILE_400,FULL_FILE_400,0
FULL_FILE_251,FULL_FILE_251,0
FULL_FILE_359,FULL_FILE_359,0
FULL_FILE_165,FULL_FILE_165,0
FULL_FILE_250,FULL_FILE_250,1
FULL_FILE_230,FULL_FILE_230,1
FULL_FILE_474,FULL_FILE_474,0
FULL_FILE_199,FULL_FILE_199,0
FULL_FILE_250,FULL_FILE_250,1
FULL_FILE_221,FULL_FILE_221,0
FULL_FILE_297,FULL_FILE_297,1
FULL_FILE_303,FULL_FILE_303,0
FULL_FILE_114,FULL_FILE_114,0
FULL_FILE_269,FULL_FILE_269,0
FULL_FILE_462,FULL_FILE_462,0
FULL_FILE_359,FULL_FILE_359,1
FULL_FILE_600,FULL_FILE_600,0
FULL_FILE_369,FULL_FILE_369,1
FULL_FILE_57,FULL_FILE_57,0
FULL_FILE_304,FULL_FILE_304,0
FULL_FILE_381,FULL_FILE_381,0
FULL_FILE_213,FULL_FILE_213,1
FULL_FILE_309,FULL_FILE_309,0
FULL_FILE_183,FULL_FILE_183,0
FULL_FILE_255,FULL_FILE_255,1
FULL_FILE_80,FULL_FILE_80,0
FULL_FILE_387,FULL_FILE_387,0
FULL_FILE_232,FULL_FILE_232,0
FULL_FILE_376,FULL_FILE_376,0
FULL_FILE_332,FULL_FILE_332,0
FULL_FILE_362,FULL_FILE_362,0
FULL_FILE_64,FULL_FILE_64,0
FULL_FILE_321,FULL_FILE_321,1
FULL_FILE_336,FULL_FILE_336,0
FULL_FILE_345,FULL_FILE_345,0
FULL_FILE_246,FULL_FILE_246,1
FULL_FILE_43,FULL_FILE_43,0
FULL_FILE_288,FULL_FILE_288,1
FULL_FILE_149,FULL_FILE_149,0
FULL_FILE_63,FULL_FILE_63,0
FULL_FILE_103,FULL_FILE_103,0
FULL_FILE_339,FULL_FILE_339,0
FULL_FILE_309,FULL_FILE_309,1
FULL_FILE_70,FULL_FILE_70,0
FULL_FILE_155,FULL_FILE_155,1
FULL_FILE_278,FULL_FILE_278,0
FULL_FILE_226,FULL_FILE_226,0
FULL_FILE_124,FULL_FILE_124,0
FULL_FILE_392,FULL_FILE_392,0
FULL_FILE_138,FULL_FILE_138,0
FULL_FILE_252,FULL_FILE_252,0
FULL_FILE_243,FULL_FILE_243,0
FULL_FILE_206,FULL_FILE_206,0
FULL_FILE_7,FULL_FILE_7,0
FULL_FILE_25,FULL_FILE_25,0
FULL_FILE_133,FULL_FILE_133,0
FULL_FILE_146,FULL_FILE_146,0
FULL_FILE_88,FULL_FILE_88,0
FULL_FILE_607,FULL_FILE_607,0
FULL_FILE_161,FULL_FILE_161,0
FULL_FILE_133,FULL_FILE_133,1
FULL_FILE_399,FULL_FILE_399,0
FULL_FILE_559,FULL_FILE_559,0
FULL_FILE_378,FULL_FILE_378,0
FULL_FILE_195,FULL_FILE_195,0
FULL_FILE_291,FULL_FILE_291,0
FULL_FILE_142,FULL_FILE_142,0
FULL_FILE_550,FULL_FILE_550,0
FULL_FILE_103,FULL_FILE_103,0
FULL_FILE_282,FULL_FILE_282,0
FULL_FILE_225,FULL_FILE_225,0
FULL_FILE_475,FULL_FILE_475,0
FULL_FILE_153,FULL_FILE_153,0
FULL_FILE_197,FULL_FILE_197,0
FULL_FILE_110,FULL_FILE_110,0
FULL_FILE_253,FULL_FILE_253,0
FULL_FILE_347,FULL_FILE_347,1
FULL_FILE_255,FULL_FILE_255,1
FULL_FILE_358,FULL_FILE_358,0
FULL_FILE_452,FULL_FILE_452,0
FULL_FILE_359,FULL_FILE_359,0
FULL_FILE_253,FULL_FILE_253,1
FULL_FILE_305,FULL_FILE_305,0
FULL_FILE_120,FULL_FILE_120,0
FULL_FILE_410,FULL_FILE_410,0
FULL_FILE_307,FULL_FILE_307,0
FULL_FILE_395,FULL_FILE_395,0
FULL_FILE_358,FULL_FILE_358,1
FULL_FILE_332,FULL_FILE_332,0
FULL_FILE_261,FULL_FILE_261,0
FULL_FILE_174,FULL_FILE_174,0
FULL_FILE_115,FULL_FILE_115,0
FULL_FILE_256,FULL_FILE_256,1
FULL_FILE_173,FULL_FILE_173,0
FULL_FILE_332,FULL_FILE_332,1
FULL_FILE_347,FULL_FILE_347,1
FULL_FILE_78,FULL_FILE_78,0
FULL_FILE_279,FULL_FILE_279,0
FULL_FILE_402,FULL_FILE_402,0
FULL_FILE_309,FULL_FILE_309,0
FULL_FILE_292,FULL_FILE_292,0
FULL_FILE_120,FULL_FILE_120,1
FULL_FILE_406,FULL_FILE_406,0
FULL_FILE_198,FULL_FILE_198,0
FULL_FILE_269,FULL_FILE_269,0
FULL_FILE_212,FULL_FILE_212,0
FULL_FILE_260,FULL_FILE_260,1
FULL_FILE_403,FULL_FILE_403,0
FULL_FILE_278,FULL_FILE_278,0
FULL_FILE_253,FULL_FILE_253,0
FULL_FILE_297,FULL_FILE_297,1
FULL_FILE_124,FULL_FILE_124,0
FULL_FILE_198,FULL_FILE_198,1
FULL_FILE_470,FULL_FILE_470,0
FULL_FILE_375,FULL_FILE_375,0
FULL_FILE_270,FULL_FILE_270,0
FULL_FILE_196,FULL_FILE_196,0
FULL_FILE_98,FULL_FILE_98,0
FULL_FILE_356,FULL_FILE_356,0
FULL_FILE_454,FULL_FILE_454,0
FULL_FILE_266,FULL_FILE_266,1
FULL_FILE_253,FULL_FILE_253,1
FULL_FILE_163,FULL_FILE_163,0
FULL_FILE_202,FULL_FILE_202,0
FULL_FILE_185,FULL_FILE_185,0
FULL_FILE_246,FULL_FILE_246,1
FULL_FILE_203,FULL_FILE_203,1
FULL_FILE_286,FULL_FILE_286,0
FULL_FILE_255,FULL_FILE_255,1
FULL_FILE_92,FULL_FILE_92,0
FULL_FILE_294,FULL_FILE_294,0
FULL_FILE_67,FULL_FILE_67,0
FULL_FILE_559,FULL_FILE_559,0
FULL_FILE_287,FULL_FILE_287,0
FULL_FILE_148,FULL_FILE_148,0
FULL_FILE_192,FULL_FILE_192,1
FULL_FILE_175,FULL_FILE_175,0
FULL_FILE_449,FULL_FILE_449,0
FULL_FILE_186,FULL_FILE_186,0
FULL_FILE_287,FULL_FILE_287,1
FULL_FILE_131,FULL_FILE_131,1
FULL_FILE_328,FULL_FILE_328,1
FULL_FILE_265,FULL_FILE_265,0
FULL_FILE_226,FULL_FILE_226,0
FULL_FILE_178,FULL_FILE_178,0
FULL_FILE_251,FULL_FILE_251,0
FULL_FILE_269,FULL_FILE_269,0
FULL_FILE_176,FULL_FILE_176,1
FULL_FILE_27,FULL_FILE_27,0
FULL_FILE_217,FULL_FILE_217,1
FULL_FILE_278,FULL_FILE_278,0
FULL_FILE_414,FULL_FILE_414,0
FULL_FILE_224,FULL_FILE_224,1
FULL_FILE_430,FULL_FILE_430,0
FULL_FILE_417,FULL_FILE_417,0
FULL_FILE_342,FULL_FILE_342,0
FULL_FILE_384,FULL_FILE_384,1
FULL_FILE_241,FULL_FILE_241,0
FULL_FILE_167,FULL_FILE_167,0
FULL_FILE_219,FULL_FILE_219,1
FULL_FILE_355,FULL_FILE_355,0
FULL_FILE_257,FULL_FILE_257,0
FULL_FILE_367,FULL_FILE_367,0
FULL_FILE_223,FULL_FILE_223,0
FULL_FILE_218,FULL_FILE_218,1
FULL_FILE_440,FULL_FILE_440,0
FULL_FILE_309,FULL_FILE_309,0
FULL_FILE_411,FULL_FILE_411,0
FULL_FILE_328,FULL_FILE_328,1
FULL_FILE_179,FULL_FILE_179,0
FULL_FILE_59,FULL_FILE_59,0
FULL_FILE_156,FULL_FILE_156,0
FULL_FILE_304,FULL_FILE_304,0
FULL_FILE_383,FULL_FILE_383,0
FULL_FILE_149,FULL_FILE_149,0
FULL_FILE_159,FULL_FILE_159,0
FULL_FILE_263,FULL_FILE_263,0
FULL_FILE_219,FULL_FILE_219,1
FULL_FILE_260,FULL_FILE_260,1
FULL_FILE_313,FULL_FILE_313,0
FULL_FILE_234,FULL_FILE_234,0
FULL_FILE_298,FULL_FILE_298,0
FULL_FILE_215,FULL_FILE_215,1
FULL_FILE_112,FULL_FILE_112,0
FULL_FILE_164,FULL_FILE_164,0
FULL_FILE_293,FULL_FILE_293,1
FULL_FILE_294,FULL_FILE_294,0
FULL_FILE_240,FULL_FILE_240,0
FULL_FILE_155,FULL_FILE_155,1
FULL_FILE_254,FULL_FILE_254,1
FULL_FILE_107,FULL_FILE_107,0
FULL_FILE_194,FULL_FILE_194,0
FULL_FILE_554,FULL_FILE_554,0
FULL_FILE_274,FULL_FILE_274,0
FULL_FILE_273,FULL_FILE_273,0
FULL_FILE_369,FULL_FILE_369,0
FULL_FILE_66,FULL_FILE_66,0
FULL_FILE_150,FULL_FILE_150,0
FULL_FILE_250,FULL_FILE_250,1
FULL_FILE_441,FULL_FILE_441,0
FULL_FILE_435,FULL_FILE_435,0
FULL_FILE_259,FULL_FILE_259,1
FULL_FILE_434,FULL_FILE_434,0
FULL_FILE_351,FULL_FILE_351,0
FULL_FILE_228,FULL_FILE_228,0
FULL_FILE_175,FULL_FILE_175,0
FULL_FILE_243,FULL_FILE_243,0
FULL_FILE_336,FULL_FILE_336,0
FULL_FILE_266,FULL_FILE_266,1
FULL_FILE_323,FULL_FILE_323,1
FULL_FILE_153,FULL_FILE_153,0
FULL_FILE_472,FULL_FILE_472,0
FULL_FILE_349,FULL_FILE_349,1
FULL_FILE_342,FULL_FILE_342,0
FULL_FILE_125,FULL_FILE_125,0
FULL_FILE_469,FULL_FILE_469,0
FULL_FILE_63,FULL_FILE_63,0
FULL_FILE_45,FULL_FILE_45,0
FULL_FILE_316,FULL_FILE_316,1
FULL_FILE_490,FULL_FILE_490,0
FULL_FILE_165,FULL_FILE_165,0
FULL_FILE_432,FULL_FILE_432,1
FULL_FILE_293,FULL_FILE_293,1
FULL_FILE_453,FULL_FILE_453,0
FULL_FILE_293,FULL_FILE_293,1
FULL_FILE_394,FULL_FILE_394,0
FULL_FILE_450,FULL_FILE_450,0
FULL_FILE_376,FULL_FILE_376,0
FULL_FILE_164,FULL_FILE_164,0
FULL_FILE_40,FULL_FILE_40,0
FULL_FILE_574,FULL_FILE_574,0
FULL_FILE_53,FULL_FILE_53,0
FULL_FILE_396,FULL_FILE_396,0
FULL_FILE_256,FULL_FILE_256,1
FULL_FILE_18,FULL_FILE_18,0
FULL_FILE_196,FULL_FILE_196,0
FULL_FILE_289,FULL_FILE_289,0
FULL_FILE_408,FULL_FILE_408,0
FULL_FILE_87,FULL_FILE_87,0
FULL_FILE_272,FULL_FILE_272,1
FULL_FILE_402,FULL_FILE_402,0
FULL_FILE_221,FULL_FILE_221,0
FULL_FILE_96,FULL_FILE_96,0
FULL_FILE_397,FULL_FILE_397,0
FULL_FILE_346,FULL_FILE_346,0
FULL_FILE_117,FULL_FILE_117,0
FULL_FILE_103,FULL_FILE_103,0
FULL_FILE_255,FULL_FILE_255,1
FULL_FILE_407,FULL_FILE_407,0
FULL_FILE_295,FULL_FILE_295,0
FULL_FILE_201,FULL_FILE_201,0
FULL_FILE_239,FULL_FILE_239,1
FULL_FILE_246,FULL_FILE_246,1
FULL_FILE_413,FULL_FILE_413,0
FULL_FILE_200,FULL_FILE_200,0
FULL_FILE_74,FULL_FILE_74,0
FULL_FILE_336,FULL_FILE_336,0
FULL_FILE_300,FULL_FILE_300,0
FULL_FILE_364,FULL_FILE_364,0
FULL_FILE_169,FULL_FILE_169,0
FULL_FILE_102,FULL_FILE_102,1
FULL_FILE_315,FULL_FILE_315,0
FULL_FILE_24,FULL_FILE_24,0
FULL_FILE_365,FULL_FILE_365,0
FULL_FILE_266,FULL_FILE_266,1
FULL_FILE_322,FULL_FILE_322,1
FULL_FILE_321,FULL_FILE_321,1
FULL_FILE_340,FULL_FILE_340,1
FULL_FILE_12,FULL_FILE_12,0
FULL_FILE_112,FULL_FILE_112,0
FULL_FILE_505,FULL_FILE_505,0
FULL_FILE_390,FULL_FILE_390,0
FULL_FILE_455,FULL_FILE_455,0
FULL_FILE_191,FULL_FILE_191,1
FULL_FILE_278,FULL_FILE_278,0
FULL_FILE_313,FULL_FILE_313,0
FULL_FILE_197,FULL_FILE_197,0
FULL_FILE_141,FULL_FILE_141,1
FULL_FILE_73,FULL_FILE_73,0
FULL_FILE_265,FULL_FILE_265,0
FULL_FILE_219,FULL_FILE_219,1
FULL_FILE_250,FULL_FILE_250,1
FULL_FILE_425,FULL_FILE_425,0
FULL_FILE_244,FULL_FILE_244,1
FULL_FILE_77,FULL_FILE_77,0
FULL_FILE_135,FULL_FILE_135,0
FULL_FILE_297,FULL_FILE_297,1
FULL_FILE_270,FULL_FILE_270,0
FULL_FILE_249,FULL_FILE_249,0
FULL_FILE_277,FULL_FILE_277,0
FULL_FILE_354,FULL_FILE_354,1
FULL_FILE_283,FULL_FILE_283,0
FULL_FILE_131,FULL_FILE_131,1
FULL_FILE_287,FULL_FILE_287,1
FULL_FILE_168,FULL_FILE_168,0
FULL_FILE_128,FULL_FILE_128,0
FULL_FILE_259,FULL_FILE_259,1
FULL_FILE_257,FULL_FILE_257,0
FULL_FILE_235,FULL_FILE_235,1
FULL_FILE_198,FULL_FILE_198,0
FULL_FILE_327,FULL_FILE_327,0
FULL_FILE_230,FULL_FILE_230,1
FULL_FILE_301,FULL_FILE_301,0
FULL_FILE_196,FULL_FILE_196,0
FULL_FILE_341,FULL_FILE_341,0
FULL_FILE_348,FULL_FILE_348,1
FULL_FILE_115,FULL_FILE_115,0
FULL_FILE_235,FULL_FILE_235,1
FULL_FILE_248,FULL_FILE_248,0
FULL_FILE_265,FULL_FILE_265,1
FULL_FILE_316,FULL_FILE_316,1
FULL_FILE_303,FULL_FILE_303,0
FULL_FILE_146,FULL_FILE_146,0
FULL_FILE_245,FULL_FILE_245,0
FULL_FILE_534,FULL_FILE_534,0
FULL_FILE_81,FULL_FILE_81,0
FULL_FILE_201,FULL_FILE_201,0
FULL_FILE_549,FULL_FILE_549,0
FULL_FILE_344,FULL_FILE_344,0
FULL_FILE_304,FULL_FILE_304,0
FULL_FILE_49,FULL_FILE_49,1
FULL_FILE_90,FULL_FILE_90,0
FULL_FILE_121,FULL_FILE_121,0
FULL_FILE_289,FULL_FILE_289,0
FULL_FILE_102,FULL_FILE_102,1
FULL_FILE_282,FULL_FILE_282,0
FULL_FILE_79,FULL_FILE_79,0
FULL_FILE_312,FULL_FILE_312,1
FULL_FILE_55,FULL_FILE_55,0
FULL_FILE_135,FULL_FILE_135,0
FULL_FILE_466,FULL_FILE_466,0
FULL_FILE_155,FULL_FILE_155,1
FULL_FILE_307,FULL_FILE_307,0
FULL_FILE_99,FULL_FILE_99,0
FULL_FILE_1,FULL_FILE_1,0
FULL_FILE_179,FULL_FILE_179,0
FULL_FILE_210,FULL_FILE_210,0
FULL_FILE_395,FULL_FILE_395,0
FULL_FILE_285,FULL_FILE_285,0
FULL_FILE_328,FULL_FILE_328,1
FULL_FILE_95,FULL_FILE_95,0
FULL_FILE_468,FULL_FILE_468,0
FULL_FILE_246,FULL_FILE_246,1
FULL_FILE_85,FULL_FILE_85,0
FULL_FILE_57,FULL_FILE_57,0
FULL_FILE_153,FULL_FILE_153,0
FULL_FILE_129,FULL_FILE_129,0
FULL_FILE_235,FULL_FILE_235,1
FULL_FILE_297,FULL_FILE_297,1
FULL_FILE_232,FULL_FILE_232,0
FULL_FILE_160,FULL_FILE_160,0
FULL_FILE_157,FULL_FILE_157,0
FULL_FILE_485,FULL_FILE_485,0
FULL_FILE_163,FULL_FILE_163,0
FULL_FILE_513,FULL_FILE_513,0
FULL_FILE_85,FULL_FILE_85,1
FULL_FILE_261,FULL_FILE_261,0
FULL_FILE_109,FULL_FILE_109,0
FULL_FILE_237,FULL_FILE_237,1
FULL_FILE_352,FULL_FILE_352,0
FULL_FILE_210,FULL_FILE_210,1
FULL_FILE_11,FULL_FILE_11,0
FULL_FILE_217,FULL_FILE_217,1
FULL_FILE_231,FULL_FILE_231,0
FULL_FILE_216,FULL_FILE_216,0
FULL_FILE_270,FULL_FILE_270,0
FULL_FILE_54,FULL_FILE_54,0
FULL_FILE_192,FULL_FILE_192,1
FULL_FILE_261,FULL_FILE_261,1
FULL_FILE_384,FULL_FILE_384,1
FULL_FILE_378,FULL_FILE_378,0
FULL_FILE_328,FULL_FILE_328,1
FULL_FILE_267,FULL_FILE_267,0
FULL_FILE_343,FULL_FILE_343,0
FULL_FILE_126,FULL_FILE_126,0
FULL_FILE_185,FULL_FILE_185,0
FULL_FILE_21,FULL_FILE_21,0
FULL_FILE_265,FULL_FILE_265,0
FULL_FILE_263,FULL_FILE_263,0
FULL_FILE_186,FULL_FILE_186,0
FULL_FILE_267,FULL_FILE_267,1
FULL_FILE_91,FULL_FILE_91,0
FULL_FILE_202,FULL_FILE_202,0
FULL_FILE_415,FULL_FILE_415,0
FULL_FILE_525,FULL_FILE_525,0
FULL_FILE_137,FULL_FILE_137,1
FULL_FILE_217,FULL_FILE_217,1
FULL_FILE_79,FULL_FILE_79,0
FULL_FILE_223,FULL_FILE_223,0
FULL_FILE_346,FULL_FILE_346,0
FULL_FILE_270,FULL_FILE_270,1
FULL_FILE_486,FULL_FILE_486,0
FULL_FILE_148,FULL_FILE_148,0
FULL_FILE_309,FULL_FILE_309,0
FULL_FILE_430,FULL_FILE_430,0
FULL_FILE_375,FULL_FILE_375,0
FULL_FILE_256,FULL_FILE_256,1
FULL_FILE_290,FULL_FILE_290,0
FULL_FILE_190,FULL_FILE_190,0
FULL_FILE_89,FULL_FILE_89,0
FULL_FILE_308,FULL_FILE_308,0
FULL_FILE_190,FULL_FILE_190,1
FULL_FILE_237,FULL_FILE_237,1
FULL_FILE_301,FULL_FILE_301,0
FULL_FILE_258,FULL_FILE_258,0
FULL_FILE_274,FULL_FILE_274,0
FULL_FILE_226,FULL_FILE_226,0
FULL_FILE_324,FULL_FILE_324,0
FULL_FILE_494,FULL_FILE_494,0
FULL_FILE_203,FULL_FILE_203,1
FULL_FILE_456,FULL_FILE_456,0
FULL_FILE_317,FULL_FILE_317,0
FULL_FILE_396,FULL_FILE_396,0
FULL_FILE_544,FULL_FILE_544,0
FULL_FILE_167,FULL_FILE_167,0
FULL_FILE_283,FULL_FILE_283,0
FULL_FILE_391,FULL_FILE_391,0
FULL_FILE_280,FULL_FILE_280,0
FULL_FILE_75,FULL_FILE_75,0
FULL_FILE_109,FULL_FILE_109,0
FULL_FILE_172,FULL_FILE_172,1
FULL_FILE_142,FULL_FILE_142,0
FULL_FILE_115,FULL_FILE_115,0
FULL_FILE_347,FULL_FILE_347,1
FULL_FILE_491,FULL_FILE_491,0
FULL_FILE_311,FULL_FILE_311,0
FULL_FILE_170,FULL_FILE_170,0
FULL_FILE_444,FULL_FILE_444,0
FULL_FILE_253,FULL_FILE_253,0
FULL_FILE_418,FULL_FILE_418,1
FULL_FILE_202,FULL_FILE_202,0
FULL_FILE_218,FULL_FILE_218,1
FULL_FILE_544,FULL_FILE_544,1
FULL_FILE_75,FULL_FILE_75,1
FULL_FILE_76,FULL_FILE_76,0
FULL_FILE_254,FULL_FILE_254,1
FULL_FILE_300,FULL_FILE_300,0
FULL_FILE_197,FULL_FILE_197,0
FULL_FILE_129,FULL_FILE_129,0
FULL_FILE_146,FULL_FILE_146,0
FULL_FILE_182,FULL_FILE_182,1
FULL_FILE_165,FULL_FILE_165,0
FULL_FILE_310,FULL_FILE_310,0
FULL_FILE_297,FULL_FILE_297,1
FULL_FILE_367,FULL_FILE_367,0
FULL_FILE_131,FULL_FILE_131,1
FULL_FILE_206,FULL_FILE_206,0
FULL_FILE_316,FULL_FILE_316,1
FULL_FILE_231,FULL_FILE_231,0
FULL_FILE_211,FULL_FILE_211,1
FULL_FILE_435,FULL_FILE_435,0
FULL_FILE_54,FULL_FILE_54,0
FULL_FILE_378,FULL_FILE_378,0
FULL_FILE_418,FULL_FILE_418,1
FULL_FILE_362,FULL_FILE_362,0
FULL_FILE_162,FULL_FILE_162,1
FULL_FILE_117,FULL_FILE_117,0
FULL_FILE_446,FULL_FILE_446,0
FULL_FILE_102,FULL_FILE_102,1
FULL_FILE_130,FULL_FILE_130,0
FULL_FILE_106,FULL_FILE_106,0
FULL_FILE_246,FULL_FILE_246,1
FULL_FILE_61,FULL_FILE_61,0
FULL_FILE_227,FULL_FILE_227,0
FULL_FILE_140,FULL_FILE_140,0
FULL_FILE_93,FULL_FILE_93,0
FULL_FILE_360,FULL_FILE_360,0
FULL_FILE_430,FULL_FILE_430,0
FULL_FILE_227,FULL_FILE_227,1
FULL_FILE_189,FULL_FILE_189,0
FULL_FILE_254,FULL_FILE_254,1
FULL_FILE_196,FULL_FILE_196,0
FULL_FILE_219,FULL_FILE_219,1
FULL_FILE_496,FULL_FILE_496,0
FULL_FILE_81,FULL_FILE_81,0
FULL_FILE_258,FULL_FILE_258,0
FULL_FILE_249,FULL_FILE_249,0
FULL_FILE_56,FULL_FILE_56,0
FULL_FILE_322,FULL_FILE_322,1
FULL_FILE_117,FULL_FILE_117,1
FULL_FILE_563,FULL_FILE_563,0
FULL_FILE_288,FULL_FILE_288,1
FULL_FILE_144,FULL_FILE_144,0
FULL_FILE_327,FULL_FILE_327,0
FULL_FILE_242,FULL_FILE_242,0
FULL_FILE_229,FULL_FILE_229,0
FULL_FILE_292,FULL_FILE_292,0
FULL_FILE_229,FULL_FILE_229,1
FULL_FILE_318,FULL_FILE_318,0
FULL_FILE_66,FULL_FILE_66,0
FULL_FILE_185,FULL_FILE_185,0
FULL_FILE_104,FULL_FILE_104,0
FULL_FILE_448,FULL_FILE_448,0
FULL_FILE_253,FULL_FILE_253,0
FULL_FILE_183,FULL_FILE_183,0
FULL_FILE_322,FULL_FILE_322,1
FULL_FILE_304,FULL_FILE_304,0
FULL_FILE_218,FULL_FILE_218,1
FULL_FILE_170,FULL_FILE_170,0
FULL_FILE_376,FULL_FILE_376,0
FULL_FILE_29,FULL_FILE_29,0
FULL_FILE_294,FULL_FILE_294,0
FULL_FILE_265,FULL_FILE_265,0
FULL_FILE_281,FULL_FILE_281,0
FULL_FILE_55,FULL_FILE_55,0
FULL_FILE_268,FULL_FILE_268,0
FULL_FILE_267,FULL_FILE_267,0
FULL_FILE_305,FULL_FILE_305,0
FULL_FILE_149,FULL_FILE_149,0
FULL_FILE_170,FULL_FILE_170,1
FULL_FILE_136,FULL_FILE_136,0
FULL_FILE_392,FULL_FILE_392,0
FULL_FILE_222,FULL_FILE_222,0
FULL_FILE_193,FULL_FILE_193,0
FULL_FILE_147,FULL_FILE_147,1
FULL_FILE_50,FULL_FILE_50,0
FULL_FILE_40,FULL_FILE_40,0
FULL_FILE_233,FULL_FILE_233,0
FULL_FILE_411,FULL_FILE_411,0
FULL_FILE_300,FULL_FILE_300,0
FULL_FILE_95,FULL_FILE_95,0
FULL_FILE_424,FULL_FILE_424,0
FULL_FILE_153,FULL_FILE_153,0
FULL_FILE_92,FULL_FILE_92,0
FULL_FILE_52,FULL_FILE_52,0
FULL_FILE_428,FULL_FILE_428,0
FULL_FILE_257,FULL_FILE_257,0
FULL_FILE_355,FULL_FILE_355,0
FULL_FILE_403,FULL_FILE_403,0
FULL_FILE_240,FULL_FILE_240,0
FULL_FILE_312,FULL_FILE_312,1
FULL_FILE_504,FULL_FILE_504,0
FULL_FILE_39,FULL_FILE_39,0
FULL_FILE_210,FULL_FILE_210,0
FULL_FILE_176,FULL_FILE_176,1
FULL_FILE_348,FULL_FILE_348,1
FULL_FILE_331,FULL_FILE_331,0
FULL_FILE_364,FULL_FILE_364,0
FULL_FILE_285,FULL_FILE_285,0
FULL_FILE_152,FULL_FILE_152,0
FULL_FILE_99,FULL_FILE_99,0
FULL_FILE_177,FULL_FILE_177,1
FULL_FILE_342,FULL_FILE_342,0
FULL_FILE_348,FULL_FILE_348,1
FULL_FILE_331,FULL_FILE_331,1
FULL_FILE_179,FULL_FILE_179,0
FULL_FILE_165,FULL_FILE_165,0
FULL_FILE_285,FULL_FILE_285,1
FULL_FILE_295,FULL_FILE_295,0
FULL_FILE_398,FULL_FILE_398,0
FULL_FILE_455,FULL_FILE_455,0
FULL_FILE_256,FULL_FILE_256,1
FULL_FILE_169,FULL_FILE_169,0
FULL_FILE_263,FULL_FILE_263,0
FULL_FILE_111,FULL_FILE_111,1
FULL_FILE_106,FULL_FILE_106,0
FULL_FILE_290,FULL_FILE_290,0
FULL_FILE_347,FULL_FILE_347,1
FULL_FILE_331,FULL_FILE_331,0
FULL_FILE_19,FULL_FILE_19,0
FULL_FILE_379,FULL_FILE_379,0
FULL_FILE_87,FULL_FILE_87,0
FULL_FILE_404,FULL_FILE_404,0
FULL_FILE_224,FULL_FILE_224,1
FULL_FILE_253,FULL_FILE_253,0
FULL_FILE_466,FULL_FILE_466,0
FULL_FILE_320,FULL_FILE_320,0
FULL_FILE_15,FULL_FILE_15,0
FULL_FILE_191,FULL_FILE_191,1
FULL_FILE_267,FULL_FILE_267,0
FULL_FILE_327,FULL_FILE_327,0
FULL_FILE_196,FULL_FILE_196,0
FULL_FILE_216,FULL_FILE_216,0
FULL_FILE_302,FULL_FILE_302,0
FULL_FILE_190,FULL_FILE_190,0
FULL_FILE_314,FULL_FILE_314,0
FULL_FILE_137,FULL_FILE_137,1
FULL_FILE_257,FULL_FILE_257,0
FULL_FILE_262,FULL_FILE_262,0
FULL_FILE_187,FULL_FILE_187,0
FULL_FILE_256,FULL_FILE_256,1
FULL_FILE_49,FULL_FILE_49,1
FULL_FILE_149,FULL_FILE_149,0
FULL_FILE_252,FULL_FILE_252,0
FULL_FILE_241,FULL_FILE_241,0
FULL_FILE_341,FULL_FILE_341,0
FULL_FILE_360,FULL_FILE_360,0
FULL_FILE_228,FULL_FILE_228,0
FULL_FILE_482,FULL_FILE_482,0
FULL_FILE_151,FULL_FILE_151,1
FULL_FILE_190,FULL_FILE_190,1
FULL_FILE_232,FULL_FILE_232,0
FULL_FILE_228,FULL_FILE_228,1
FULL_FILE_144,FULL_FILE_144,0
FULL_FILE_221,FULL_FILE_221,0
FULL_FILE_278,FULL_FILE_278,0
FULL_FILE_345,FULL_FILE_345,0
FULL_FILE_316,FULL_FILE_316,1
FULL_FILE_127,FULL_FILE_127,0
FULL_FILE_299,FULL_FILE_299,0
FULL_FILE_94,FULL_FILE_94,0
FULL_FILE_506,FULL_FILE_506,0
FULL_FILE_280,FULL_FILE_280,0
FULL_FILE_262,FULL_FILE_262,1
FULL_FILE_114,FULL_FILE_114,0
FULL_FILE_284,FULL_FILE_284,1
FULL_FILE_242,FULL_FILE_242,0
FULL_FILE_200,FULL_FILE_200,0
FULL_FILE_331,FULL_FILE_331,0
FULL_FILE_245,FULL_FILE_245,0
FULL_FILE_178,FULL_FILE_178,0
FULL_FILE_367,FULL_FILE_367,0
FULL_FILE_225,FULL_FILE_225,0
FULL_FILE_196,FULL_FILE_196,0
FULL_FILE_352,FULL_FILE_352,0
FULL_FILE_114,FULL_FILE_114,1
FULL_FILE_328,FULL_FILE_328,1
FULL_FILE_357,FULL_FILE_357,1
FULL_FILE_330,FULL_FILE_330,1
FULL_FILE_110,FULL_FILE_110,0
FULL_FILE_381,FULL_FILE_381,0
FULL_FILE_403,FULL_FILE_403,0
FULL_FILE_462,FULL_FILE_462,0
FULL_FILE_322,FULL_FILE_322,1
FULL_FILE_199,FULL_FILE_199,0
FULL_FILE_196,FULL_FILE_196,1
FULL_FILE_134,FULL_FILE_134,0
FULL_FILE_267,FULL_FILE_267,0
FULL_FILE_259,FULL_FILE_259,1
FULL_FILE_314,FULL_FILE_314,0
FULL_FILE_305,FULL_FILE_305,0
FULL_FILE_258,FULL_FILE_258,0
FULL_FILE_304,FULL_FILE_304,0
FULL_FILE_368,FULL_FILE_368,0
FULL_FILE_239,FULL_FILE_239,1
FULL_FILE_250,FULL_FILE_250,1
FULL_FILE_114,FULL_FILE_114,0
FULL_FILE_172,FULL_FILE_172,1
FULL_FILE_95,FULL_FILE_95,0
FULL_FILE_216,FULL_FILE_216,0
FULL_FILE_328,FULL_FILE_328,1
FULL_FILE_100,FULL_FILE_100,0
FULL_FILE_188,FULL_FILE_188,0
FULL_FILE_369,FULL_FILE_369,0
FULL_FILE_271,FULL_FILE_271,1
FULL_FILE_278,FULL_FILE_278,0
FULL_FILE_298,FULL_FILE_298,0
FULL_FILE_170,FULL_FILE_170,0
FULL_FILE_143,FULL_FILE_143,1
FULL_FILE_310,FULL_FILE_310,0
FULL_FILE_435,FULL_FILE_435,0
FULL_FILE_404,FULL_FILE_404,0
FULL_FILE_262,FULL_FILE_262,0
FULL_FILE_69,FULL_FILE_69,0
FULL_FILE_203,FULL_FILE_203,1
FULL_FILE_458,FULL_FILE_458,0
FULL_FILE_60,FULL_FILE_60,0
FULL_FILE_73,FULL_FILE_73,0
FULL_FILE_357,FULL_FILE_357,1
FULL_FILE_314,FULL_FILE_314,0
FULL_FILE_300,FULL_FILE_300,0
FULL_FILE_258,FULL_FILE_258,0
FULL_FILE_427,FULL_FILE_427,0
FULL_FILE_290,FULL_FILE_290,0
FULL_FILE_362,FULL_FILE_362,0
FULL_FILE_284,FULL_FILE_284,1
FULL_FILE_310,FULL_FILE_310,1
FULL_FILE_528,FULL_FILE_528,0
FULL_FILE_327,FULL_FILE_327,0
FULL_FILE_382,FULL_FILE_382,0
FULL_FILE_183,FULL_FILE_183,0
FULL_FILE_451,FULL_FILE_451,0
FULL_FILE_313,FULL_FILE_313,0
FULL_FILE_365,FULL_FILE_365,0
FULL_FILE_136,FULL_FILE_136,0
FULL_FILE_149,FULL_FILE_149,0
FULL_FILE_225,FULL_FILE_225,0
FULL_FILE_221,FULL_FILE_221,0
FULL_FILE_50,FULL_FILE_50,0
FULL_FILE_67,FULL_FILE_67,0
FULL_FILE_365,FULL_FILE_365,1
FULL_FILE_135,FULL_FILE_135,0
FULL_FILE_24,FULL_FILE_24,0
FULL_FILE_158,FULL_FILE_158,0
FULL_FILE_43,FULL_FILE_43,0
FULL_FILE_263,FULL_FILE_263,0
FULL_FILE_253,FULL_FILE_253,0
FULL_FILE_247,FULL_FILE_247,0
FULL_FILE_409,FULL_FILE_409,0
FULL_FILE_84,FULL_FILE_84,0
FULL_FILE_81,FULL_FILE_81,0
FULL_FILE_316,FULL_FILE_316,1
FULL_FILE_330,FULL_FILE_330,1
FULL_FILE_422,FULL_FILE_422,1
FULL_FILE_268,FULL_FILE_268,0
FULL_FILE_192,FULL_FILE_192,1
FULL_FILE_448,FULL_FILE_448,0
FULL_FILE_91,FULL_FILE_91,0
FULL_FILE_73,FULL_FILE_73,0
FULL_FILE_217,FULL_FILE_217,1
FULL_FILE_387,FULL_FILE_387,0
FULL_FILE_174,FULL_FILE_174,0
FULL_FILE_252,FULL_FILE_252,0
FULL_FILE_116,FULL_FILE_116,0
FULL_FILE_296,FULL_FILE_296,0
FULL_FILE_76,FULL_FILE_76,0
FULL_FILE_324,FULL_FILE_324,0
FULL_FILE_208,FULL_FILE_208,0
FULL_FILE_168,FULL_FILE_168,0
FULL_FILE_313,FULL_FILE_313,0
FULL_FILE_215,FULL_FILE_215,1
FULL_FILE_109,FULL_FILE_109,0
FULL_FILE_326,FULL_FILE_326,0
FULL_FILE_255,FULL_FILE_255,1
FULL_FILE_58,FULL_FILE_58,0
FULL_FILE_526,FULL_FILE_526,0
FULL_FILE_240,FULL_FILE_240,0
FULL_FILE_185,FULL_FILE_185,0
FULL_FILE_79,FULL_FILE_79,0
FULL_FILE_43,FULL_FILE_43,0
FULL_FILE_185,FULL_FILE_185,1
FULL_FILE_377,FULL_FILE_377,1
FULL_FILE_331,FULL_FILE_331,0
FULL_FILE_108,FULL_FILE_108,0
FULL_FILE_517,FULL_FILE_517,0
FULL_FILE_136,FULL_FILE_136,0
FULL_FILE_141,FULL_FILE_141,1
FULL_FILE_407,FULL_FILE_407,0
FULL_FILE_268,FULL_FILE_268,0
FULL_FILE_84,FULL_FILE_84,0
FULL_FILE_205,FULL_FILE_205,0
FULL_FILE_412,FULL_FILE_412,0
FULL_FILE_297,FULL_FILE_297,1
FULL_FILE_222,FULL_FILE_222,0
FULL_FILE_206,FULL_FILE_206,0
FULL_FILE_344,FULL_FILE_344,0
FULL_FILE_381,FULL_FILE_381,0
FULL_FILE_445,FULL_FILE_445,0
FULL_FILE_392,FULL_FILE_392,0
FULL_FILE_195,FULL_FILE_195,0
FULL_FILE_513,FULL_FILE_513,0
FULL_FILE_412,FULL_FILE_412,1
FULL_FILE_375,FULL_FILE_375,0
FULL_FILE_143,FULL_FILE_143,1
FULL_FILE_291,FULL_FILE_291,0
FULL_FILE_209,FULL_FILE_209,0
FULL_FILE_373,FULL_FILE_373,1
FULL_FILE_141,FULL_FILE_141,1
FULL_FILE_144,FULL_FILE_144,0
FULL_FILE_49,FULL_FILE_49,1
FULL_FILE_482,FULL_FILE_482,0
FULL_FILE_104,FULL_FILE_104,0
FULL_FILE_170,FULL_FILE_170,0
FULL_FILE_119,FULL_FILE_119,0
FULL_FILE_392,FULL_FILE_392,1
FULL_FILE_327,FULL_FILE_327,0
FULL_FILE_404,FULL_FILE_404,0
FULL_FILE_168,FULL_FILE_168,0
FULL_FILE_267,FULL_FILE_267,0
FULL_FILE_318,FULL_FILE_318,0
FULL_FILE_376,FULL_FILE_376,0
FULL_FILE_459,FULL_FILE_459,0
FULL_FILE_148,FULL_FILE_148,0
FULL_FILE_251,FULL_FILE_251,0
FULL_FILE_100,FULL_FILE_100,0
FULL_FILE_258,FULL_FILE_258,0
FULL_FILE_418,FULL_FILE_418,1
FULL_FILE_405,FULL_FILE_405,0
FULL_FILE_324,FULL_FILE_324,0
FULL_FILE_125,FULL_FILE_125,0
FULL_FILE_524,FULL_FILE_524,0
FULL_FILE_43,FULL_FILE_43,0
FULL_FILE_115,FULL_FILE_115,0
FULL_FILE_123,FULL_FILE_123,0
FULL_FILE_7,FULL_FILE_7,0
FULL_FILE_214,FULL_FILE_214,0
FULL_FILE_43,FULL_FILE_43,1
FULL_FILE_31,FULL_FILE_31,0
FULL_FILE_67,FULL_FILE_67,0
FULL_FILE_281,FULL_FILE_281,0
FULL_FILE_67,FULL_FILE_67,1
FULL_FILE_264,FULL_FILE_264,0
FULL_FILE_281,FULL_FILE_281,1
FULL_FILE_176,FULL_FILE_176,1
FULL_FILE_210,FULL_FILE_210,0
FULL_FILE_184,FULL_FILE_184,0
FULL_FILE_119,FULL_FILE_119,0
FULL_FILE_414,FULL_FILE_414,0
FULL_FILE_268,FULL_FILE_268,0
FULL_FILE_434,FULL_FILE_434,0
FULL_FILE_214,FULL_FILE_214,1
FULL_FILE_260,FULL_FILE_260,1
FULL_FILE_194,FULL_FILE_194,0
FULL_FILE_428,FULL_FILE_428,0
FULL_FILE_224,FULL_FILE_224,1
FULL_FILE_550,FULL_FILE_550,0
FULL_FILE_32,FULL_FILE_32,0
FULL_FILE_368,FULL_FILE_368,0
FULL_FILE_56,FULL_FILE_56,0
FULL_FILE_379,FULL_FILE_379,0
FULL_FILE_337,FULL_FILE_337,0
FULL_FILE_215,FULL_FILE_215,1
FULL_FILE_514,FULL_FILE_514,0
FULL_FILE_315,FULL_FILE_315,0
FULL_FILE_384,FULL_FILE_384,1
FULL_FILE_205,FULL_FILE_205,0
FULL_FILE_157,FULL_FILE_157,0
FULL_FILE_342,FULL_FILE_342,0
FULL_FILE_233,FULL_FILE_233,0
FULL_FILE_387,FULL_FILE_387,0
FULL_FILE_233,FULL_FILE_233,1
FULL_FILE_677,FULL_FILE_677,0
FULL_FILE_234,FULL_FILE_234,0
FULL_FILE_100,FULL_FILE_100,0
FULL_FILE_213,FULL_FILE_213,1
FULL_FILE_287,FULL_FILE_287,1
FULL_FILE_335,FULL_FILE_335,0
FULL_FILE_294,FULL_FILE_294,0
FULL_FILE_148,FULL_FILE_148,0
FULL_FILE_295,FULL_FILE_295,0
FULL_FILE_394,FULL_FILE_394,0
FULL_FILE_442,FULL_FILE_442,0
FULL_FILE_364,FULL_FILE_364,0
FULL_FILE_132,FULL_FILE_132,0
FULL_FILE_209,FULL_FILE_209,0
FULL_FILE_228,FULL_FILE_228,0
FULL_FILE_230,FULL_FILE_230,1
FULL_FILE_322,FULL_FILE_322,1
FULL_FILE_221,FULL_FILE_221,0
FULL_FILE_75,FULL_FILE_75,0
FULL_FILE_217,FULL_FILE_217,1
FULL_FILE_134,FULL_FILE_134,0
FULL_FILE_309,FULL_FILE_309,0
FULL_FILE_45,FULL_FILE_45,0
FULL_FILE_241,FULL_FILE_241,0
FULL_FILE_53,FULL_FILE_53,0
FULL_FILE_255,FULL_FILE_255,1
FULL_FILE_254,FULL_FILE_254,1
FULL_FILE_289,FULL_FILE_289,0
FULL_FILE_533,FULL_FILE_533,0
FULL_FILE_259,FULL_FILE_259,1
FULL_FILE_302,FULL_FILE_302,0
FULL_FILE_56,FULL_FILE_56,0
FULL_FILE_121,FULL_FILE_121,0
FULL_FILE_241,FULL_FILE_241,1
FULL_FILE_199,FULL_FILE_199,0
FULL_FILE_207,FULL_FILE_207,1
FULL_FILE_197,FULL_FILE_197,0
FULL_FILE_64,FULL_FILE_64,0
FULL_FILE_332,FULL_FILE_332,0
FULL_FILE_173,FULL_FILE_173,0
FULL_FILE_394,FULL_FILE_394,0
FULL_FILE_156,FULL_FILE_156,0
FULL_FILE_260,FULL_FILE_260,1
FULL_FILE_269,FULL_FILE_269,0
FULL_FILE_220,FULL_FILE_220,0
FULL_FILE_340,FULL_FILE_340,1
FULL_FILE_207,FULL_FILE_207,1
FULL_FILE_300,FULL_FILE_300,0
FULL_FILE_338,FULL_FILE_338,1
FULL_FILE_58,FULL_FILE_58,0
FULL_FILE_217,FULL_FILE_217,1
FULL_FILE_417,FULL_FILE_417,0
FULL_FILE_120,FULL_FILE_120,0
FULL_FILE_184,FULL_FILE_184,0
FULL_FILE_256,FULL_FILE_256,1
FULL_FILE_83,FULL_FILE_83,0
FULL_FILE_99,FULL_FILE_99,0
FULL_FILE_333,FULL_FILE_333,0
FULL_FILE_67,FULL_FILE_67,0
FULL_FILE_385,FULL_FILE_385,0
FULL_FILE_383,FULL_FILE_383,0
FULL_FILE_318,FULL_FILE_318,0
FULL_FILE_175,FULL_FILE_175,0
FULL_FILE_363,FULL_FILE_363,0
FULL_FILE_138,FULL_FILE_138,0
FULL_FILE_143,FULL_FILE_143,1
FULL_FILE_485,FULL_FILE_485,0
FULL_FILE_111,FULL_FILE_111,1
FULL_FILE_261,FULL_FILE_261,0
FULL_FILE_601,FULL_FILE_601,0
FULL_FILE_399,FULL_FILE_399,0
FULL_FILE_335,FULL_FILE_335,0
FULL_FILE_141,FULL_FILE_141,1
FULL_FILE_189,FULL_FILE_189,0
FULL_FILE_380,FULL_FILE_380,0
FULL_FILE_316,FULL_FILE_316,1
FULL_FILE_185,FULL_FILE_185,0
FULL_FILE_207,FULL_FILE_207,1
FULL_FILE_400,FULL_FILE_400,0
FULL_FILE_212,FULL_FILE_212,0
FULL_FILE_312,FULL_FILE_312,1
FULL_FILE_127,FULL_FILE_127,0
FULL_FILE_346,FULL_FILE_346,0
FULL_FILE_470,FULL_FILE_470,0
FULL_FILE_203,FULL_FILE_203,1
FULL_FILE_240,FULL_FILE_240,0
FULL_FILE_88,FULL_FILE_88,0
FULL_FILE_231,FULL_FILE_231,0
FULL_FILE_362,FULL_FILE_362,0
FULL_FILE_254,FULL_FILE_254,1
FULL_FILE_35,FULL_FILE_35,1
FULL_FILE_262,FULL_FILE_262,0
FULL_FILE_239,FULL_FILE_239,1
FULL_FILE_289,FULL_FILE_289,0
FULL_FILE_289,FULL_FILE_289,1
FULL_FILE_77,FULL_FILE_77,0
FULL_FILE_349,FULL_FILE_349,1
FULL_FILE_168,FULL_FILE_168,0
FULL_FILE_267,FULL_FILE_267,0
FULL_FILE_124,FULL_FILE_124,0
FULL_FILE_226,FULL_FILE_226,0
FULL_FILE_360,FULL_FILE_360,0
FULL_FILE_365,FULL_FILE_365,0
FULL_FILE_259,FULL_FILE_259,1
FULL_FILE_318,FULL_FILE_318,0
FULL_FILE_313,FULL_FILE_313,0
FULL_FILE_178,FULL_FILE_178,0
FULL_FILE_349,FULL_FILE_349,1
FULL_FILE_196,FULL_FILE_196,0
FULL_FILE_205,FULL_FILE_205,0
FULL_FILE_335,FULL_FILE_335,0
FULL_FILE_180,FULL_FILE_180,0
FULL_FILE_287,FULL_FILE_287,1
FULL_FILE_266,FULL_FILE_266,1
FULL_FILE_291,FULL_FILE_291,0
FULL_FILE_244,FULL_FILE_244,1
FULL_FILE_337,FULL_FILE_337,0
FULL_FILE_293,FULL_FILE_293,1
FULL_FILE_353,FULL_FILE_353,0
FULL_FILE_377,FULL_FILE_377,1
FULL_FILE_247,FULL_FILE_247,0
FULL_FILE_135,FULL_FILE_135,0
FULL_FILE_238,FULL_FILE_238,0
FULL_FILE_160,FULL_FILE_160,0
FULL_FILE_231,FULL_FILE_231,0
FULL_FILE_248,FULL_FILE_248,0
FULL_FILE_178,FULL_FILE_178,1
FULL_FILE_316,FULL_FILE_316,1
FULL_FILE_150,FULL_FILE_150,0
FULL_FILE_315,FULL_FILE_315,0
FULL_FILE_288,FULL_FILE_288,1
FULL_FILE_213,FULL_FILE_213,1
FULL_FILE_256,FULL_FILE_256,1
FULL_FILE_259,FULL_FILE_259,1
FULL_FILE_68,FULL_FILE_68,0
FULL_FILE_340,FULL_FILE_340,1
FULL_FILE_75,FULL_FILE_75,0
FULL_FILE_266,FULL_FILE_266,1
FULL_FILE_321,FULL_FILE_321,1
FULL_FILE_255,FULL_FILE_255,1
FULL_FILE_291,FULL_FILE_291,1
FULL_FILE_233,FULL_FILE_233,0
FULL_FILE_251,FULL_FILE_251,0
FULL_FILE_74,FULL_FILE_74,0
FULL_FILE_53,FULL_FILE_53,0
FULL_FILE_158,FULL_FILE_158,0
FULL_FILE_485,FULL_FILE_485,0
FULL_FILE_326,FULL_FILE_326,0
FULL_FILE_165,FULL_FILE_165,0
FULL_FILE_185,FULL_FILE_185,0
FULL_FILE_126,FULL_FILE_126,0
FULL_FILE_287,FULL_FILE_287,1
FULL_FILE_241,FULL_FILE_241,0
FULL_FILE_148,FULL_FILE_148,0
FULL_FILE_246,FULL_FILE_246,1
FULL_FILE_509,FULL_FILE_509,0
FULL_FILE_96,FULL_FILE_96,0
FULL_FILE_384,FULL_FILE_384,1
FULL_FILE_530,FULL_FILE_530,0
FULL_FILE_386,FULL_FILE_386,0
FULL_FILE_251,FULL_FILE_251,1
FULL_FILE_350,FULL_FILE_350,0
FULL_FILE_190,FULL_FILE_190,0
FULL_FILE_223,FULL_FILE_223,0
FULL_FILE_140,FULL_FILE_140,0
FULL_FILE_416,FULL_FILE_416,0
FULL_FILE_296,FULL_FILE_296,0
FULL_FILE_35,FULL_FILE_35,1
FULL_FILE_350,FULL_FILE_350,1
FULL_FILE_73,FULL_FILE_73,0
FULL_FILE_250,FULL_FILE_250,1
FULL_FILE_229,FULL_FILE_229,0
FULL_FILE_302,FULL_FILE_302,0
FULL_FILE_319,FULL_FILE_319,0
FULL_FILE_134,FULL_FILE_134,0
FULL_FILE_363,FULL_FILE_363,0
FULL_FILE_375,FULL_FILE_375,0
FULL_FILE_177,FULL_FILE_177,1
FULL_FILE_37,FULL_FILE_37,0
FULL_FILE_279,FULL_FILE_279,0
FULL_FILE_423,FULL_FILE_423,0
FULL_FILE_259,FULL_FILE_259,1
FULL_FILE_121,FULL_FILE_121,0
FULL_FILE_179,FULL_FILE_179,0
FULL_FILE_223,FULL_FILE_223,1
FULL_FILE_346,FULL_FILE_346,0
FULL_FILE_212,FULL_FILE_212,0
FULL_FILE_663,FULL_FILE_663,0
FULL_FILE_367,FULL_FILE_367,0
FULL_FILE_134,FULL_FILE_134,1
FULL_FILE_294,FULL_FILE_294,0
FULL_FILE_248,FULL_FILE_248,0
FULL_FILE_321,FULL_FILE_321,1
FULL_FILE_342,FULL_FILE_342,0
FULL_FILE_221,FULL_FILE_221,0
FULL_FILE_230,FULL_FILE_230,1
FULL_FILE_134,FULL_FILE_134,1
FULL_FILE_398,FULL_FILE_398,0
FULL_FILE_86,FULL_FILE_86,1
FULL_FILE_272,FULL_FILE_272,1
FULL_FILE_194,FULL_FILE_194,0
FULL_FILE_20,FULL_FILE_20,1
FULL_FILE_368,FULL_FILE_368,0
FULL_FILE_341,FULL_FILE_341,0
FULL_FILE_256,FULL_FILE_256,1
FULL_FILE_198,FULL_FILE_198,0
FULL_FILE_231,FULL_FILE_231,0
FULL_FILE_168,FULL_FILE_168,0
FULL_FILE_239,FULL_FILE_239,1
FULL_FILE_224,FULL_FILE_224,1
FULL_FILE_186,FULL_FILE_186,0
FULL_FILE_233,FULL_FILE_233,0
FULL_FILE_212,FULL_FILE_212,1
FULL_FILE_478,FULL_FILE_478,0
FULL_FILE_118,FULL_FILE_118,0
FULL_FILE_251,FULL_FILE_251,0
FULL_FILE_427,FULL_FILE_427,0
FULL_FILE_302,FULL_FILE_302,0
FULL_FILE_23,FULL_FILE_23,0
FULL_FILE_45,FULL_FILE_45,0
FULL_FILE_77,FULL_FILE_77,0
FULL_FILE_258,FULL_FILE_258,0
FULL_FILE_462,FULL_FILE_462,0
FULL_FILE_451,FULL_FILE_451,0
FULL_FILE_416,FULL_FILE_416,0
FULL_FILE_425,FULL_FILE_425,0
FULL_FILE_223,FULL_FILE_223,0
FULL_FILE_208,FULL_FILE_208,0
FULL_FILE_90,FULL_FILE_90,0
FULL_FILE_336,FULL_FILE_336,0
FULL_FILE_470,FULL_FILE_470,0
FULL_FILE_372,FULL_FILE_372,0
FULL_FILE_339,FULL_FILE_339,0
FULL_FILE_200,FULL_FILE_200,0
FULL_FILE_358,FULL_FILE_358,0
FULL_FILE_400,FULL_FILE_400,0
FULL_FILE_456,FULL_FILE_456,0
FULL_FILE_260,FULL_FILE_260,1
FULL_FILE_340,FULL_FILE_340,1
FULL_FILE_315,FULL_FILE_315,0
FULL_FILE_256,FULL_FILE_256,1
FULL_FILE_400,FULL_FILE_400,1
FULL_FILE_140,FULL_FILE_140,0
FULL_FILE_245,FULL_FILE_245,0
FULL_FILE_384,FULL_FILE_384,1
FULL_FILE_328,FULL_FILE_328,1
FULL_FILE_179,FULL_FILE_179,0
FULL_FILE_326,FULL_FILE_326,0
FULL_FILE_544,FULL_FILE_544,0
FULL_FILE_430,FULL_FILE_430,0
FULL_FILE_390,FULL_FILE_390,0
FULL_FILE_274,FULL_FILE_274,0
FULL_FILE_42,FULL_FILE_42,0
FULL_FILE_336,FULL_FILE_336,1
FULL_FILE_236,FULL_FILE_236,1
FULL_FILE_38,FULL_FILE_38,0
FULL_FILE_265,FULL_FILE_265,0
FULL_FILE_182,FULL_FILE_182,1
FULL_FILE_129,FULL_FILE_129,0
FULL_FILE_423,FULL_FILE_423,0
FULL_FILE_396,FULL_FILE_396,0
FULL_FILE_287,FULL_FILE_287,1
FULL_FILE_321,FULL_FILE_321,1
FULL_FILE_245,FULL_FILE_245,1
FULL_FILE_239,FULL_FILE_239,1
FULL_FILE_334,FULL_FILE_334,0
FULL_FILE_373,FULL_FILE_373,1
FULL_FILE_382,FULL_FILE_382,0
FULL_FILE_374,FULL_FILE_374,0
FULL_FILE_199,FULL_FILE_199,0
FULL_FILE_280,FULL_FILE_280,0
FULL_FILE_252,FULL_FILE_252,0
FULL_FILE_263,FULL_FILE_263,0
FULL_FILE_360,FULL_FILE_360,0
FULL_FILE_228,FULL_FILE_228,0
FULL_FILE_377,FULL_FILE_377,1
FULL_FILE_294,FULL_FILE_294,0
FULL_FILE_440,FULL_FILE_440,0
FULL_FILE_171,FULL_FILE_171,1
FULL_FILE_353,FULL_FILE_353,0
FULL_FILE_223,FULL_FILE_223,0
FULL_FILE_193,FULL_FILE_193,0
FULL_FILE_349,FULL_FILE_349,1
FULL_FILE_390,FULL_FILE_390,0
FULL_FILE_268,FULL_FILE_268,0
FULL_FILE_231,FULL_FILE_231,0
FULL_FILE_456,FULL_FILE_456,0
FULL_FILE_152,FULL_FILE_152,0
FULL_FILE_58,FULL_FILE_58,0
FULL_FILE_166,FULL_FILE_166,0
FULL_FILE_347,FULL_FILE_347,1
FULL_FILE_37,FULL_FILE_37,0
FULL_FILE_215,FULL_FILE_215,1
FULL_FILE_306,FULL_FILE_306,0
FULL_FILE_84,FULL_FILE_84,0
FULL_FILE_40,FULL_FILE_40,0
FULL_FILE_376,FULL_FILE_376,0
FULL_FILE_281,FULL_FILE_281,0
FULL_FILE_399,FULL_FILE_399,0
FULL_FILE_250,FULL_FILE_250,1
FULL_FILE_135,FULL_FILE_135,0
FULL_FILE_318,FULL_FILE_318,0
FULL_FILE_164,FULL_FILE_164,0
FULL_FILE_247,FULL_FILE_247,0
FULL_FILE_84,FULL_FILE_84,1
FULL_FILE_48,FULL_FILE_48,0
FULL_FILE_260,FULL_FILE_260,1
FULL_FILE_347,FULL_FILE_347,1
FULL_FILE_313,FULL_FILE_313,0
FULL_FILE_205,FULL_FILE_205,0
FULL_FILE_333,FULL_FILE_333,0
FULL_FILE_680,FULL_FILE_680,0
FULL_FILE_58,FULL_FILE_58,1
FULL_FILE_372,FULL_FILE_372,0
FULL_FILE_334,FULL_FILE_334,0
FULL_FILE_43,FULL_FILE_43,0
FULL_FILE_136,FULL_FILE_136,0
FULL_FILE_165,FULL_FILE_165,0
FULL_FILE_353,FULL_FILE_353,0
FULL_FILE_453,FULL_FILE_453,0
FULL_FILE_334,FULL_FILE_334,1
FULL_FILE_110,FULL_FILE_110,0
FULL_FILE_331,FULL_FILE_331,0
FULL_FILE_149,FULL_FILE_149,0
FULL_FILE_169,FULL_FILE_169,0
FULL_FILE_227,FULL_FILE_227,0
FULL_FILE_153,FULL_FILE_153,0
FULL_FILE_99,FULL_FILE_99,0
FULL_FILE_220,FULL_FILE_220,0
FULL_FILE_219,FULL_FILE_219,1
FULL_FILE_284,FULL_FILE_284,1
FULL_FILE_306,FULL_FILE_306,0
FULL_FILE_164,FULL_FILE_164,0
FULL_FILE_237,FULL_FILE_237,1
FULL_FILE_200,FULL_FILE_200,0
FULL_FILE_475,FULL_FILE_475,0
FULL_FILE_466,FULL_FILE_466,0
FULL_FILE_330,FULL_FILE_330,1
FULL_FILE_375,FULL_FILE_375,0
FULL_FILE_257,FULL_FILE_257,0
FULL_FILE_6,FULL_FILE_6,0
FULL_FILE_513,FULL_FILE_513,0
FULL_FILE_412,FULL_FILE_412,0
FULL_FILE_232,FULL_FILE_232,0
FULL_FILE_405,FULL_FILE_405,0
FULL_FILE_551,FULL_FILE_551,0
FULL_FILE_339,FULL_FILE_339,0
FULL_FILE_127,FULL_FILE_127,0
FULL_FILE_444,FULL_FILE_444,0
FULL_FILE_225,FULL_FILE_225,0
FULL_FILE_191,FULL_FILE_191,1
FULL_FILE_225,FULL_FILE_225,1
FULL_FILE_201,FULL_FILE_201,0
FULL_FILE_205,FULL_FILE_205,0
FULL_FILE_413,FULL_FILE_413,0
FULL_FILE_419,FULL_FILE_419,1
FULL_FILE_179,FULL_FILE_179,0
FULL_FILE_6,FULL_FILE_6,1
FULL_FILE_331,FULL_FILE_331,0
FULL_FILE_207,FULL_FILE_207,1
FULL_FILE_54,FULL_FILE_54,0
FULL_FILE_327,FULL_FILE_327,0
FULL_FILE_247,FULL_FILE_247,0
FULL_FILE_412,FULL_FILE_412,1
FULL_FILE_365,FULL_FILE_365,0
FULL_FILE_238,FULL_FILE_238,0
FULL_FILE_272,FULL_FILE_272,1
FULL_FILE_318,FULL_FILE_318,0
FULL_FILE_218,FULL_FILE_218,1
FULL_FILE_253,FULL_FILE_253,0
FULL_FILE_512,FULL_FILE_512,0
FULL_FILE_192,FULL_FILE_192,1
FULL_FILE_198,FULL_FILE_198,0
FULL_FILE_247,FULL_FILE_247,1
FULL_FILE_343,FULL_FILE_343,0
FULL_FILE_11,FULL_FILE_11,0
FULL_FILE_104,FULL_FILE_104,0
FULL_FILE_82,FULL_FILE_82,0
FULL_FILE_416,FULL_FILE_416,0
FULL_FILE_302,FULL_FILE_302,0
FULL_FILE_143,FULL_FILE_143,1
FULL_FILE_70,FULL_FILE_70,0
FULL_FILE_176,FULL_FILE_176,1
FULL_FILE_24,FULL_FILE_24,0
FULL_FILE_293,FULL_FILE_293,1
FULL_FILE_424,FULL_FILE_424,0
FULL_FILE_193,FULL_FILE_193,0
FULL_FILE_93,FULL_FILE_93,0
FULL_FILE_178,FULL_FILE_178,0
FULL_FILE_219,FULL_FILE_219,1
FULL_FILE_415,FULL_FILE_415,0
FULL_FILE_205,FULL_FILE_205,0
FULL_FILE_280,FULL_FILE_280,0
FULL_FILE_76,FULL_FILE_76,0
FULL_FILE_137,FULL_FILE_137,1
FULL_FILE_192,FULL_FILE_192,1
FULL_FILE_476,FULL_FILE_476,0
FULL_FILE_317,FULL_FILE_317,0
FULL_FILE_257,FULL_FILE_257,0
FULL_FILE_81,FULL_FILE_81,0
FULL_FILE_467,FULL_FILE_467,0
FULL_FILE_325,FULL_FILE_325,0
FULL_FILE_187,FULL_FILE_187,0
FULL_FILE_389,FULL_FILE_389,0
FULL_FILE_2,FULL_FILE_2,0
FULL_FILE_137,FULL_FILE_137,1
FULL_FILE_451,FULL_FILE_451,0
FULL_FILE_286,FULL_FILE_286,0
FULL_FILE_90,FULL_FILE_90,0
FULL_FILE_525,FULL_FILE_525,0
FULL_FILE_168,FULL_FILE_168,0
FULL_FILE_181,FULL_FILE_181,0
FULL_FILE_270,FULL_FILE_270,0
FULL_FILE_302,FULL_FILE_302,0
FULL_FILE_44,FULL_FILE_44,0
FULL_FILE_384,FULL_FILE_384,1
FULL_FILE_268,FULL_FILE_268,0
FULL_FILE_266,FULL_FILE_266,1
FULL_FILE_193,FULL_FILE_193,0
FULL_FILE_126,FULL_FILE_126,0
FULL_FILE_206,FULL_FILE_206,0
FULL_FILE_83,FULL_FILE_83,0
FULL_FILE_349,FULL_FILE_349,1
FULL_FILE_284,FULL_FILE_284,1
FULL_FILE_165,FULL_FILE_165,0
FULL_FILE_332,FULL_FILE_332,0
FULL_FILE_279,FULL_FILE_279,0
FULL_FILE_41,FULL_FILE_41,0
FULL_FILE_365,FULL_FILE_365,0
FULL_FILE_272,FULL_FILE_272,1
FULL_FILE_547,FULL_FILE_547,0
FULL_FILE_273,FULL_FILE_273,0
FULL_FILE_87,FULL_FILE_87,0
FULL_FILE_292,FULL_FILE_292,0
FULL_FILE_349,FULL_FILE_349,1
FULL_FILE_167,FULL_FILE_167,0
FULL_FILE_79,FULL_FILE_79,0
FULL_FILE_258,FULL_FILE_258,0
FULL_FILE_465,FULL_FILE_465,0
FULL_FILE_289,FULL_FILE_289,0
FULL_FILE_376,FULL_FILE_376,0
FULL_FILE_269,FULL_FILE_269,0
FULL_FILE_298,FULL_FILE_298,0
FULL_FILE_459,FULL_FILE_459,0
FULL_FILE_171,FULL_FILE_171,1
FULL_FILE_305,FULL_FILE_305,0
FULL_FILE_289,FULL_FILE_289,1
FULL_FILE_253,FULL_FILE_253,0
FULL_FILE_339,FULL_FILE_339,0
FULL_FILE_168,FULL_FILE_168,0
FULL_FILE_300,FULL_FILE_300,0
FULL_FILE_283,FULL_FILE_283,0
FULL_FILE_250,FULL_FILE_250,1
FULL_FILE_487,FULL_FILE_487,0
FULL_FILE_173,FULL_FILE_173,0
FULL_FILE_402,FULL_FILE_402,0
FULL_FILE_349,FULL_FILE_349,1
FULL_FILE_152,FULL_FILE_152,0
FULL_FILE_160,FULL_FILE_160,0
FULL_FILE_132,FULL_FILE_132,0
FULL_FILE_437,FULL_FILE_437,0
FULL_FILE_345,FULL_FILE_345,0
FULL_FILE_276,FULL_FILE_276,0
FULL_FILE_308,FULL_FILE_308,0
FULL_FILE_242,FULL_FILE_242,0
FULL_FILE_138,FULL_FILE_138,0
FULL_FILE_365,FULL_FILE_365,0
FULL_FILE_436,FULL_FILE_436,0
FULL_FILE_315,FULL_FILE_315,0
FULL_FILE_304,FULL_FILE_304,0
FULL_FILE_236,FULL_FILE_236,1
FULL_FILE_203,FULL_FILE_203,1
FULL_FILE_315,FULL_FILE_315,1
FULL_FILE_336,FULL_FILE_336,0
FULL_FILE_212,FULL_FILE_212,0
FULL_FILE_169,FULL_FILE_169,0
FULL_FILE_345,FULL_FILE_345,1
FULL_FILE_153,FULL_FILE_153,0
FULL_FILE_112,FULL_FILE_112,0
FULL_FILE_311,FULL_FILE_311,0
FULL_FILE_236,FULL_FILE_236,1
FULL_FILE_396,FULL_FILE_396,0
FULL_FILE_117,FULL_FILE_117,0
FULL_FILE_181,FULL_FILE_181,0
FULL_FILE_266,FULL_FILE_266,1
FULL_FILE_213,FULL_FILE_213,1
FULL_FILE_516,FULL_FILE_516,0
FULL_FILE_368,FULL_FILE_368,0
FULL_FILE_355,FULL_FILE_355,0
FULL_FILE_360,FULL_FILE_360,0
FULL_FILE_205,FULL_FILE_205,0
FULL_FILE_341,FULL_FILE_341,0
FULL_FILE_300,FULL_FILE_300,0
FULL_FILE_243,FULL_FILE_243,0
FULL_FILE_350,FULL_FILE_350,0
FULL_FILE_365,FULL_FILE_365,0
FULL_FILE_77,FULL_FILE_77,0
FULL_FILE_354,FULL_FILE_354,1
FULL_FILE_280,FULL_FILE_280,0
FULL_FILE_264,FULL_FILE_264,0
FULL_FILE_138,FULL_FILE_138,0
FULL_FILE_241,FULL_FILE_241,0
FULL_FILE_342,FULL_FILE_342,0
FULL_FILE_318,FULL_FILE_318,0
FULL_FILE_239,FULL_FILE_239,1
FULL_FILE_260,FULL_FILE_260,1
FULL_FILE_16,FULL_FILE_16,0
FULL_FILE_150,FULL_FILE_150,0
FULL_FILE_357,FULL_FILE_357,1
FULL_FILE_303,FULL_FILE_303,0
FULL_FILE_186,FULL_FILE_186,0
FULL_FILE_278,FULL_FILE_278,0
FULL_FILE_310,FULL_FILE_310,0
FULL_FILE_277,FULL_FILE_277,0
FULL_FILE_193,FULL_FILE_193,0
FULL_FILE_95,FULL_FILE_95,0
FULL_FILE_223,FULL_FILE_223,0
FULL_FILE_142,FULL_FILE_142,0
FULL_FILE_230,FULL_FILE_230,1
FULL_FILE_346,FULL_FILE_346,0
FULL_FILE_319,FULL_FILE_319,0
FULL_FILE_173,FULL_FILE_173,0
FULL_FILE_146,FULL_FILE_146,0
FULL_FILE_278,FULL_FILE_278,1
FULL_FILE_270,FULL_FILE_270,0
FULL_FILE_142,FULL_FILE_142,1
FULL_FILE_126,FULL_FILE_126,0
FULL_FILE_381,FULL_FILE_381,0
FULL_FILE_316,FULL_FILE_316,1
FULL_FILE_342,FULL_FILE_342,1
FULL_FILE_41,FULL_FILE_41,0
FULL_FILE_204,FULL_FILE_204,0
FULL_FILE_342,FULL_FILE_342,1
FULL_FILE_264,FULL_FILE_264,0
FULL_FILE_347,FULL_FILE_347,1
FULL_FILE_184,FULL_FILE_184,0
FULL_FILE_369,FULL_FILE_369,0
FULL_FILE_459,FULL_FILE_459,0
FULL_FILE_453,FULL_FILE_453,0
FULL_FILE_252,FULL_FILE_252,0
FULL_FILE_269,FULL_FILE_269,0
FULL_FILE_293,FULL_FILE_293,1
FULL_FILE_118,FULL_FILE_118,0
FULL_FILE_101,FULL_FILE_101,0
FULL_FILE_272,FULL_FILE_272,1
FULL_FILE_100,FULL_FILE_100,0
FULL_FILE_318,FULL_FILE_318,0
FULL_FILE_329,FULL_FILE_329,1
FULL_FILE_308,FULL_FILE_308,0
FULL_FILE_569,FULL_FILE_569,0
FULL_FILE_330,FULL_FILE_330,1
FULL_FILE_127,FULL_FILE_127,0
FULL_FILE_293,FULL_FILE_293,1
FULL_FILE_282,FULL_FILE_282,0
FULL_FILE_313,FULL_FILE_313,0
FULL_FILE_98,FULL_FILE_98,0
FULL_FILE_185,FULL_FILE_185,0
FULL_FILE_154,FULL_FILE_154,0
FULL_FILE_215,FULL_FILE_215,1
FULL_FILE_158,FULL_FILE_158,0
FULL_FILE_363,FULL_FILE_363,0
FULL_FILE_179,FULL_FILE_179,0
FULL_FILE_193,FULL_FILE_193,0
FULL_FILE_334,FULL_FILE_334,0
FULL_FILE_266,FULL_FILE_266,1
FULL_FILE_345,FULL_FILE_345,0
FULL_FILE_237,FULL_FILE_237,1
FULL_FILE_347,FULL_FILE_347,1
FULL_FILE_348,FULL_FILE_348,1
FULL_FILE_206,FULL_FILE_206,0
FULL_FILE_406,FULL_FILE_406,0
FULL_FILE_258,FULL_FILE_258,0
FULL_FILE_86,FULL_FILE_86,1
FULL_FILE_429,FULL_FILE_429,0
FULL_FILE_70,FULL_FILE_70,0
FULL_FILE_335,FULL_FILE_335,0
FULL_FILE_242,FULL_FILE_242,0
FULL_FILE_226,FULL_FILE_226,0
FULL_FILE_55,FULL_FILE_55,0
FULL_FILE_92,FULL_FILE_92,0
FULL_FILE_397,FULL_FILE_397,0
FULL_FILE_314,FULL_FILE_314,0
FULL_FILE_441,FULL_FILE_441,0
FULL_FILE_183,FULL_FILE_183,0
FULL_FILE_362,FULL_FILE_362,0
FULL_FILE_468,FULL_FILE_468,0
FULL_FILE_418,FULL_FILE_418,1
FULL_FILE_196,FULL_FILE_196,0
FULL_FILE_414,FULL_FILE_414,0
FULL_FILE_289,FULL_FILE_289,0
FULL_FILE_233,FULL_FILE_233,0
FULL_FILE_114,FULL_FILE_114,0
FULL_FILE_409,FULL_FILE_409,0
FULL_FILE_176,FULL_FILE_176,1
FULL_FILE_40,FULL_FILE_40,0
FULL_FILE_132,FULL_FILE_132,0
FULL_FILE_344,FULL_FILE_344,0
FULL_FILE_223,FULL_FILE_223,0
FULL_FILE_312,FULL_FILE_312,1
FULL_FILE_327,FULL_FILE_327,0
FULL_FILE_354,FULL_FILE_354,1
FULL_FILE_172,FULL_FILE_172,1
FULL_FILE_339,FULL_FILE_339,0
FULL_FILE_371,FULL_FILE_371,0
FULL_FILE_486,FULL_FILE_486,0
FULL_FILE_157,FULL_FILE_157,0
FULL_FILE_268,FULL_FILE_268,0
FULL_FILE_294,FULL_FILE_294,0
FULL_FILE_70,FULL_FILE_70,0
FULL_FILE_221,FULL_FILE_221,0
FULL_FILE_294,FULL_FILE_294,1
FULL_FILE_176,FULL_FILE_176,1
FULL_FILE_55,FULL_FILE_55,0
FULL_FILE_325,FULL_FILE_325,0
FULL_FILE_141,FULL_FILE_141,1
FULL_FILE_280,FULL_FILE_280,0
FULL_FILE_272,FULL_FILE_272,1
FULL_FILE_328,FULL_FILE_328,1
FULL_FILE_122,FULL_FILE_122,1
FULL_FILE_169,FULL_FILE_169,0
FULL_FILE_208,FULL_FILE_208,0
FULL_FILE_369,FULL_FILE_369,0
FULL_FILE_295,FULL_FILE_295,0
FULL_FILE_67,FULL_FILE_67,0
FULL_FILE_191,FULL_FILE_191,1
FULL_FILE_166,FULL_FILE_166,0
FULL_FILE_213,FULL_FILE_213,1
FULL_FILE_536,FULL_FILE_536,0
FULL_FILE_134,FULL_FILE_134,1
FULL_FILE_180,FULL_FILE_180,0
FULL_FILE_222,FULL_FILE_222,0
FULL_FILE_317,FULL_FILE_317,0
FULL_FILE_398,FULL_FILE_398,0
FULL_FILE_169,FULL_FILE_169,1
FULL_FILE_269,FULL_FILE_269,0
FULL_FILE_380,FULL_FILE_380,0
FULL_FILE_307,FULL_FILE_307,0
FULL_FILE_104,FULL_FILE_104,0
FULL_FILE_67,FULL_FILE_67,1
FULL_FILE_412,FULL_FILE_412,0
FULL_FILE_398,FULL_FILE_398,1
FULL_FILE_211,FULL_FILE_211,1
FULL_FILE_329,FULL_FILE_329,1
FULL_FILE_173,FULL_FILE_173,0
FULL_FILE_335,FULL_FILE_335,0
FULL_FILE_245,FULL_FILE_245,0
FULL_FILE_311,FULL_FILE_311,0
FULL_FILE_223,FULL_FILE_223,0
FULL_FILE_333,FULL_FILE_333,0
FULL_FILE_330,FULL_FILE_330,1
FULL_FILE_240,FULL_FILE_240,0
FULL_FILE_438,FULL_FILE_438,0
FULL_FILE_127,FULL_FILE_127,0
FULL_FILE_257,FULL_FILE_257,0
FULL_FILE_350,FULL_FILE_350,0
FULL_FILE_399,FULL_FILE_399,0
FULL_FILE_241,FULL_FILE_241,0
FULL_FILE_84,FULL_FILE_84,0
FULL_FILE_246,FULL_FILE_246,1
FULL_FILE_177,FULL_FILE_177,1
FULL_FILE_145,FULL_FILE_145,0
FULL_FILE_177,FULL_FILE_177,1
FULL_FILE_246,FULL_FILE_246,1
FULL_FILE_202,FULL_FILE_202,0
FULL_FILE_241,FULL_FILE_241,1
FULL_FILE_254,FULL_FILE_254,1
FULL_FILE_66,FULL_FILE_66,0
FULL_FILE_451,FULL_FILE_451,0
FULL_FILE_42,FULL_FILE_42,0
FULL_FILE_238,FULL_FILE_238,0
FULL_FILE_500,FULL_FILE_500,0
FULL_FILE_384,FULL_FILE_384,1
FULL_FILE_151,FULL_FILE_151,1
FULL_FILE_231,FULL_FILE_231,0
FULL_FILE_135,FULL_FILE_135,0
FULL_FILE_362,FULL_FILE_362,0
FULL_FILE_391,FULL_FILE_391,0
FULL_FILE_207,FULL_FILE_207,1
FULL_FILE_456,FULL_FILE_456,0
FULL_FILE_284,FULL_FILE_284,1
FULL_FILE_430,FULL_FILE_430,0
FULL_FILE_209,FULL_FILE_209,0
FULL_FILE_234,FULL_FILE_234,0
FULL_FILE_197,FULL_FILE_197,0
FULL_FILE_96,FULL_FILE_96,0
FULL_FILE_291,FULL_FILE_291,0
FULL_FILE_270,FULL_FILE_270,0
FULL_FILE_265,FULL_FILE_265,0
FULL_FILE_285,FULL_FILE_285,0
FULL_FILE_303,FULL_FILE_303,0
FULL_FILE_480,FULL_FILE_480,0
FULL_FILE_322,FULL_FILE_322,1
FULL_FILE_32,FULL_FILE_32,0
FULL_FILE_165,FULL_FILE_165,0
FULL_FILE_383,FULL_FILE_383,0
FULL_FILE_253,FULL_FILE_253,0
FULL_FILE_337,FULL_FILE_337,0
FULL_FILE_107,FULL_FILE_107,0
FULL_FILE_114,FULL_FILE_114,0
FULL_FILE_192,FULL_FILE_192,1
FULL_FILE_221,FULL_FILE_221,0
FULL_FILE_119,FULL_FILE_119,0
FULL_FILE_333,FULL_FILE_333,0
FULL_FILE_480,FULL_FILE_480,1
FULL_FILE_306,FULL_FILE_306,0
FULL_FILE_415,FULL_FILE_415,0
FULL_FILE_244,FULL_FILE_244,1
FULL_FILE_215,FULL_FILE_215,1
FULL_FILE_192,FULL_FILE_192,1
FULL_FILE_262,FULL_FILE_262,0
FULL_FILE_75,FULL_FILE_75,0
FULL_FILE_386,FULL_FILE_386,0
FULL_FILE_107,FULL_FILE_107,1
FULL_FILE_427,FULL_FILE_427,0
FULL_FILE_336,FULL_FILE_336,0
FULL_FILE_439,FULL_FILE_439,0
FULL_FILE_294,FULL_FILE_294,0
FULL_FILE_380,FULL_FILE_380,0
FULL_FILE_191,FULL_FILE_191,1
FULL_FILE_320,FULL_FILE_320,0
FULL_FILE_329,FULL_FILE_329,1
FULL_FILE_287,FULL_FILE_287,1
FULL_FILE_132,FULL_FILE_132,0
FULL_FILE_317,FULL_FILE_317,0
FULL_FILE_216,FULL_FILE_216,0
FULL_FILE_241,FULL_FILE_241,0
FULL_FILE_194,FULL_FILE_194,0
FULL_FILE_346,FULL_FILE_346,0
FULL_FILE_342,FULL_FILE_342,1
FULL_FILE_60,FULL_FILE_60,0
FULL_FILE_410,FULL_FILE_410,0
FULL_FILE_248,FULL_FILE_248,0
FULL_FILE_390,FULL_FILE_390,0
FULL_FILE_174,FULL_FILE_174,0
FULL_FILE_307,FULL_FILE_307,0
FULL_FILE_321,FULL_FILE_321,1
FULL_FILE_349,FULL_FILE_349,1
FULL_FILE_383,FULL_FILE_383,0
FULL_FILE_347,FULL_FILE_347,1
FULL_FILE_126,FULL_FILE_126,0
FULL_FILE_290,FULL_FILE_290,0
FULL_FILE_123,FULL_FILE_123,0
FULL_FILE_363,FULL_FILE_363,0
FULL_FILE_357,FULL_FILE_357,1
FULL_FILE_118,FULL_FILE_118,0
FULL_FILE_196,FULL_FILE_196,0
FULL_FILE_280,FULL_FILE_280,0
FULL_FILE_348,FULL_FILE_348,1
FULL_FILE_318,FULL_FILE_318,0
FULL_FILE_163,FULL_FILE_163,0
FULL_FILE_356,FULL_FILE_356,0
FULL_FILE_416,FULL_FILE_416,0
FULL_FILE_157,FULL_FILE_157,0
FULL_FILE_206,FULL_FILE_206,0
FULL_FILE_245,FULL_FILE_245,0
FULL_FILE_259,FULL_FILE_259,1
FULL_FILE_199,FULL_FILE_199,0
FULL_FILE_218,FULL_FILE_218,1
FULL_FILE_315,FULL_FILE_315,0
FULL_FILE_324,FULL_FILE_324,0
FULL_FILE_255,FULL_FILE_255,1
FULL_FILE_189,FULL_FILE_189,0
FULL_FILE_277,FULL_FILE_277,0
FULL_FILE_144,FULL_FILE_144,0
FULL_FILE_127,FULL_FILE_127,0
FULL_FILE_134,FULL_FILE_134,1
FULL_FILE_411,FULL_FILE_411,0
FULL_FILE_241,FULL_FILE_241,0
FULL_FILE_204,FULL_FILE_204,0
FULL_FILE_383,FULL_FILE_383,0
FULL_FILE_324,FULL_FILE_324,1
FULL_FILE_154,FULL_FILE_154,0
FULL_FILE_364,FULL_FILE_364,0
FULL_FILE_230,FULL_FILE_230,1
FULL_FILE_380,FULL_FILE_380,0
FULL_FILE_396,FULL_FILE_396,0
FULL_FILE_507,FULL_FILE_507,0
FULL_FILE_167,FULL_FILE_167,0
FULL_FILE_221,FULL_FILE_221,0
FULL_FILE_320,FULL_FILE_320,0
FULL_FILE_142,FULL_FILE_142,0
FULL_FILE_244,FULL_FILE_244,1
FULL_FILE_218,FULL_FILE_218,1
FULL_FILE_51,FULL_FILE_51,0
FULL_FILE_634,FULL_FILE_634,0
FULL_FILE_223,FULL_FILE_223,0
FULL_FILE_142,FULL_FILE_142,1
FULL_FILE_335,FULL_FILE_335,0
FULL_FILE_252,FULL_FILE_252,0
FULL_FILE_442,FULL_FILE_442,0
FULL_FILE_463,FULL_FILE_463,0
FULL_FILE_206,FULL_FILE_206,0
FULL_FILE_130,FULL_FILE_130,0
FULL_FILE_369,FULL_FILE_369,0
FULL_FILE_436,FULL_FILE_436,0
FULL_FILE_164,FULL_FILE_164,0
FULL_FILE_109,FULL_FILE_109,0
FULL_FILE_254,FULL_FILE_254,1
FULL_FILE_313,FULL_FILE_313,0
FULL_FILE_434,FULL_FILE_434,0
FULL_FILE_204,FULL_FILE_204,0
FULL_FILE_486,FULL_FILE_486,0
FULL_FILE_58,FULL_FILE_58,0
FULL_FILE_228,FULL_FILE_228,0
FULL_FILE_176,FULL_FILE_176,1
FULL_FILE_409,FULL_FILE_409,0
FULL_FILE_210,FULL_FILE_210,0
FULL_FILE_267,FULL_FILE_267,0
FULL_FILE_49,FULL_FILE_49,1
FULL_FILE_256,FULL_FILE_256,1
FULL_FILE_211,FULL_FILE_211,1
FULL_FILE_306,FULL_FILE_306,0
FULL_FILE_288,FULL_FILE_288,1
FULL_FILE_138,FULL_FILE_138,0
FULL_FILE_323,FULL_FILE_323,1
FULL_FILE_424,FULL_FILE_424,0
FULL_FILE_257,FULL_FILE_257,0
FULL_FILE_99,FULL_FILE_99,0
FULL_FILE_156,FULL_FILE_156,0
FULL_FILE_211,FULL_FILE_211,1
FULL_FILE_45,FULL_FILE_45,0
FULL_FILE_245,FULL_FILE_245,0
FULL_FILE_442,FULL_FILE_442,0
FULL_FILE_213,FULL_FILE_213,1
FULL_FILE_466,FULL_FILE_466,0
FULL_FILE_428,FULL_FILE_428,0
FULL_FILE_385,FULL_FILE_385,0
FULL_FILE_467,FULL_FILE_467,0
FULL_FILE_120,FULL_FILE_120,0
FULL_FILE_368,FULL_FILE_368,0
FULL_FILE_222,FULL_FILE_222,0
FULL_FILE_122,FULL_FILE_122,1
FULL_FILE_274,FULL_FILE_274,0
FULL_FILE_329,FULL_FILE_329,1
FULL_FILE_493,FULL_FILE_493,0
FULL_FILE_249,FULL_FILE_249,0
FULL_FILE_386,FULL_FILE_386,0
FULL_FILE_385,FULL_FILE_385,1
FULL_FILE_337,FULL_FILE_337,0
FULL_FILE_344,FULL_FILE_344,0
FULL_FILE_397,FULL_FILE_397,0
FULL_FILE_266,FULL_FILE_266,1
FULL_FILE_297,FULL_FILE_297,1
FULL_FILE_134,FULL_FILE_134,1
FULL_FILE_354,FULL_FILE_354,1
FULL_FILE_151,FULL_FILE_151,1
FULL_FILE_94,FULL_FILE_94,0
FULL_FILE_361,FULL_FILE_361,0
FULL_FILE_311,FULL_FILE_311,0
FULL_FILE_213,FULL_FILE_213,1
FULL_FILE_1,FULL_FILE_1,0
FULL_FILE_136,FULL_FILE_136,0
FULL_FILE_243,FULL_FILE_243,0
FULL_FILE_200,FULL_FILE_200,0
FULL_FILE_60,FULL_FILE_60,0
FULL_FILE_224,FULL_FILE_224,1
FULL_FILE_353,FULL_FILE_353,0
FULL_FILE_128,FULL_FILE_128,0
FULL_FILE_162,FULL_FILE_162,1
FULL_FILE_271,FULL_FILE_271,1
FULL_FILE_197,FULL_FILE_197,0
FULL_FILE_303,FULL_FILE_303,0
FULL_FILE_381,FULL_FILE_381,0
FULL_FILE_153,FULL_FILE_153,0
FULL_FILE_237,FULL_FILE_237,1
FULL_FILE_402,FULL_FILE_402,0
FULL_FILE_577,FULL_FILE_577,0
FULL_FILE_301,FULL_FILE_301,0
FULL_FILE_342,FULL_FILE_342,1
FULL_FILE_383,FULL_FILE_383,0
FULL_FILE_324,FULL_FILE_324,0
FULL_FILE_395,FULL_FILE_395,0
FULL_FILE_198,FULL_FILE_198,0
FULL_FILE_200,FULL_FILE_200,1
FULL_FILE_300,FULL_FILE_300,0
FULL_FILE_28,FULL_FILE_28,0
FULL_FILE_374,FULL_FILE_374,0
FULL_FILE_143,FULL_FILE_143,1
FULL_FILE_287,FULL_FILE_287,1
FULL_FILE_117,FULL_FILE_117,0
FULL_FILE_257,FULL_FILE_257,0
FULL_FILE_401,FULL_FILE_401,0
FULL_FILE_157,FULL_FILE_157,0
FULL_FILE_227,FULL_FILE_227,0
FULL_FILE_235,FULL_FILE_235,1
FULL_FILE_226,FULL_FILE_226,0
FULL_FILE_122,FULL_FILE_122,1
FULL_FILE_400,FULL_FILE_400,0
FULL_FILE_149,FULL_FILE_149,0
FULL_FILE_650,FULL_FILE_650,0
FULL_FILE_181,FULL_FILE_181,0
FULL_FILE_155,FULL_FILE_155,1
FULL_FILE_444,FULL_FILE_444,0
FULL_FILE_174,FULL_FILE_174,0
FULL_FILE_530,FULL_FILE_530,0
FULL_FILE_125,FULL_FILE_125,0
FULL_FILE_188,FULL_FILE_188,0
FULL_FILE_211,FULL_FILE_211,1
FULL_FILE_459,FULL_FILE_459,0
FULL_FILE_280,FULL_FILE_280,0
FULL_FILE_596,FULL_FILE_596,0
FULL_FILE_158,FULL_FILE_158,0
FULL_FILE_302,FULL_FILE_302,0
FULL_FILE_301,FULL_FILE_301,0
FULL_FILE_232,FULL_FILE_232,0
FULL_FILE_464,FULL_FILE_464,0
FULL_FILE_159,FULL_FILE_159,0
FULL_FILE_196,FULL_FILE_196,0
FULL_FILE_375,FULL_FILE_375,0
FULL_FILE_157,FULL_FILE_157,0
FULL_FILE_286,FULL_FILE_286,0
FULL_FILE_281,FULL_FILE_281,0
FULL_FILE_343,FULL_FILE_343,0
FULL_FILE_155,FULL_FILE_155,1
FULL_FILE_177,FULL_FILE_177,1
FULL_FILE_320,FULL_FILE_320,0
FULL_FILE_348,FULL_FILE_348,1
FULL_FILE_336,FULL_FILE_336,0
FULL_FILE_469,FULL_FILE_469,0
FULL_FILE_268,FULL_FILE_268,0
FULL_FILE_176,FULL_FILE_176,1
FULL_FILE_211,FULL_FILE_211,1
FULL_FILE_186,FULL_FILE_186,0
FULL_FILE_173,FULL_FILE_173,0
FULL_FILE_364,FULL_FILE_364,0
FULL_FILE_240,FULL_FILE_240,0
FULL_FILE_272,FULL_FILE_272,1
FULL_FILE_194,FULL_FILE_194,0
FULL_FILE_289,FULL_FILE_289,0
FULL_FILE_279,FULL_FILE_279,0
FULL_FILE_34,FULL_FILE_34,0
FULL_FILE_475,FULL_FILE_475,0
FULL_FILE_223,FULL_FILE_223,0
FULL_FILE_288,FULL_FILE_288,1
FULL_FILE_85,FULL_FILE_85,0
FULL_FILE_65,FULL_FILE_65,0
FULL_FILE_436,FULL_FILE_436,0
FULL_FILE_299,FULL_FILE_299,0
FULL_FILE_117,FULL_FILE_117,0
FULL_FILE_246,FULL_FILE_246,1
FULL_FILE_620,FULL_FILE_620,0
FULL_FILE_156,FULL_FILE_156,0
FULL_FILE_419,FULL_FILE_419,1
FULL_FILE_165,FULL_FILE_165,0
FULL_FILE_271,FULL_FILE_271,1
FULL_FILE_189,FULL_FILE_189,0
FULL_FILE_188,FULL_FILE_188,0
FULL_FILE_387,FULL_FILE_387,0
FULL_FILE_242,FULL_FILE_242,0
FULL_FILE_84,FULL_FILE_84,0
FULL_FILE_464,FULL_FILE_464,0
FULL_FILE_278,FULL_FILE_278,0
FULL_FILE_260,FULL_FILE_260,1
FULL_FILE_317,FULL_FILE_317,0
FULL_FILE_265,FULL_FILE_265,0
FULL_FILE_152,FULL_FILE_152,0
FULL_FILE_208,FULL_FILE_208,0
FULL_FILE_394,FULL_FILE_394,0
FULL_FILE_156,FULL_FILE_156,1
FULL_FILE_349,FULL_FILE_349,1
FULL_FILE_193,FULL_FILE_193,0
FULL_FILE_326,FULL_FILE_326,0
FULL_FILE_193,FULL_FILE_193,1
FULL_FILE_466,FULL_FILE_466,0
FULL_FILE_230,FULL_FILE_230,1
FULL_FILE_251,FULL_FILE_251,0
FULL_FILE_100,FULL_FILE_100,0
FULL_FILE_28,FULL_FILE_28,0
FULL_FILE_506,FULL_FILE_506,0
FULL_FILE_216,FULL_FILE_216,0
FULL_FILE_279,FULL_FILE_279,0
FULL_FILE_403,FULL_FILE_403,0
FULL_FILE_196,FULL_FILE_196,0
FULL_FILE_378,FULL_FILE_378,0
FULL_FILE_139,FULL_FILE_139,1
FULL_FILE_203,FULL_FILE_203,1
FULL_FILE_213,FULL_FILE_213,1
FULL_FILE_69,FULL_FILE_69,0
FULL_FILE_356,FULL_FILE_356,0
FULL_FILE_165,FULL_FILE_165,0
FULL_FILE_394,FULL_FILE_394,1
FULL_FILE_260,FULL_FILE_260,1
FULL_FILE_332,FULL_FILE_332,0
FULL_FILE_193,FULL_FILE_193,0
FULL_FILE_288,FULL_FILE_288,1
FULL_FILE_368,FULL_FILE_368,0
FULL_FILE_256,FULL_FILE_256,1
FULL_FILE_263,FULL_FILE_263,0
FULL_FILE_162,FULL_FILE_162,1
FULL_FILE_161,FULL_FILE_161,0
FULL_FILE_59,FULL_FILE_59,0
FULL_FILE_214,FULL_FILE_214,0
FULL_FILE_367,FULL_FILE_367,0
FULL_FILE_182,FULL_FILE_182,1
FULL_FILE_384,FULL_FILE_384,1
FULL_FILE_325,FULL_FILE_325,0
FULL_FILE_413,FULL_FILE_413,0
FULL_FILE_199,FULL_FILE_199,0
FULL_FILE_242,FULL_FILE_242,0
FULL_FILE_323,FULL_FILE_323,1
FULL_FILE_176,FULL_FILE_176,1
FULL_FILE_346,FULL_FILE_346,0
FULL_FILE_56,FULL_FILE_56,0
FULL_FILE_268,FULL_FILE_268,0
FULL_FILE_227,FULL_FILE_227,0
FULL_FILE_281,FULL_FILE_281,0
FULL_FILE_278,FULL_FILE_278,0
FULL_FILE_372,FULL_FILE_372,0
FULL_FILE_138,FULL_FILE_138,0
FULL_FILE_154,FULL_FILE_154,0
FULL_FILE_294,FULL_FILE_294,0
FULL_FILE_272,FULL_FILE_272,1
FULL_FILE_485,FULL_FILE_485,0
FULL_FILE_137,FULL_FILE_137,1
FULL_FILE_475,FULL_FILE_475,0
FULL_FILE_233,FULL_FILE_233,0
FULL_FILE_241,FULL_FILE_241,0
FULL_FILE_503,FULL_FILE_503,0
FULL_FILE_367,FULL_FILE_367,1
FULL_FILE_303,FULL_FILE_303,0
FULL_FILE_326,FULL_FILE_326,0
FULL_FILE_12,FULL_FILE_12,0
FULL_FILE_221,FULL_FILE_221,0
FULL_FILE_200,FULL_FILE_200,0
FULL_FILE_180,FULL_FILE_180,0
FULL_FILE_256,FULL_FILE_256,1
FULL_FILE_317,FULL_FILE_317,0
FULL_FILE_268,FULL_FILE_268,1
FULL_FILE_27,FULL_FILE_27,0
FULL_FILE_185,FULL_FILE_185,0
FULL_FILE_234,FULL_FILE_234,0
FULL_FILE_206,FULL_FILE_206,0
FULL_FILE_418,FULL_FILE_418,1
FULL_FILE_546,FULL_FILE_546,0
FULL_FILE_103,FULL_FILE_103,0
FULL_FILE_88,FULL_FILE_88,0
FULL_FILE_89,FULL_FILE_89,0
FULL_FILE_331,FULL_FILE_331,0
FULL_FILE_432,FULL_FILE_432,1
FULL_FILE_141,FULL_FILE_141,1
FULL_FILE_204,FULL_FILE_204,0
FULL_FILE_97,FULL_FILE_97,0
FULL_FILE_221,FULL_FILE_221,1
FULL_FILE_270,FULL_FILE_270,0
FULL_FILE_234,FULL_FILE_234,1
FULL_FILE_355,FULL_FILE_355,0
FULL_FILE_235,FULL_FILE_235,1
FULL_FILE_39,FULL_FILE_39,0
FULL_FILE_98,FULL_FILE_98,0
FULL_FILE_154,FULL_FILE_154,0
FULL_FILE_331,FULL_FILE_331,1
FULL_FILE_216,FULL_FILE_216,0
FULL_FILE_169,FULL_FILE_169,0
FULL_FILE_396,FULL_FILE_396,0
FULL_FILE_254,FULL_FILE_254,1
FULL_FILE_287,FULL_FILE_287,1
FULL_FILE_260,FULL_FILE_260,1
FULL_FILE_534,FULL_FILE_534,0
FULL_FILE_238,FULL_FILE_238,0
FULL_FILE_279,FULL_FILE_279,0
FULL_FILE_249,FULL_FILE_249,0
FULL_FILE_142,FULL_FILE_142,0
FULL_FILE_89,FULL_FILE_89,1
FULL_FILE_203,FULL_FILE_203,1
FULL_FILE_235,FULL_FILE_235,1
FULL_FILE_280,FULL_FILE_280,0
FULL_FILE_414,FULL_FILE_414,0
FULL_FILE_383,FULL_FILE_383,0
FULL_FILE_342,FULL_FILE_342,1
FULL_FILE_284,FULL_FILE_284,1
FULL_FILE_171,FULL_FILE_171,1
FULL_FILE_176,FULL_FILE_176,1
FULL_FILE_222,FULL_FILE_222,0
FULL_FILE_170,FULL_FILE_170,0
FULL_FILE_354,FULL_FILE_354,1
FULL_FILE_275,FULL_FILE_275,1
FULL_FILE_440,FULL_FILE_440,0
FULL_FILE_447,FULL_FILE_447,0
FULL_FILE_365,FULL_FILE_365,0
FULL_FILE_202,FULL_FILE_202,0
FULL_FILE_193,FULL_FILE_193,0
FULL_FILE_70,FULL_FILE_70,0
FULL_FILE_457,FULL_FILE_457,0
FULL_FILE_152,FULL_FILE_152,0
FULL_FILE_349,FULL_FILE_349,1
FULL_FILE_215,FULL_FILE_215,1
FULL_FILE_172,FULL_FILE_172,1
FULL_FILE_129,FULL_FILE_129,0
FULL_FILE_45,FULL_FILE_45,0
FULL_FILE_360,FULL_FILE_360,0
FULL_FILE_148,FULL_FILE_148,0
FULL_FILE_320,FULL_FILE_320,0
FULL_FILE_385,FULL_FILE_385,0
FULL_FILE_388,FULL_FILE_388,0
FULL_FILE_283,FULL_FILE_283,0
FULL_FILE_89,FULL_FILE_89,1
FULL_FILE_203,FULL_FILE_203,1
FULL_FILE_339,FULL_FILE_339,0
FULL_FILE_253,FULL_FILE_253,0
FULL_FILE_225,FULL_FILE_225,0
FULL_FILE_570,FULL_FILE_570,0
FULL_FILE_417,FULL_FILE_417,0
FULL_FILE_256,FULL_FILE_256,1
FULL_FILE_378,FULL_FILE_378,0
FULL_FILE_123,FULL_FILE_123,0
FULL_FILE_303,FULL_FILE_303,0
FULL_FILE_190,FULL_FILE_190,0
FULL_FILE_46,FULL_FILE_46,0
FULL_FILE_248,FULL_FILE_248,0
FULL_FILE_261,FULL_FILE_261,0
FULL_FILE_105,FULL_FILE_105,1
FULL_FILE_331,FULL_FILE_331,0
FULL_FILE_344,FULL_FILE_344,0
FULL_FILE_233,FULL_FILE_233,0
FULL_FILE_330,FULL_FILE_330,1
FULL_FILE_250,FULL_FILE_250,1
FULL_FILE_95,FULL_FILE_95,0
FULL_FILE_378,FULL_FILE_378,1
FULL_FILE_389,FULL_FILE_389,0
FULL_FILE_9,FULL_FILE_9,0
FULL_FILE_306,FULL_FILE_306,0
FULL_FILE_374,FULL_FILE_374,0
FULL_FILE_368,FULL_FILE_368,0
FULL_FILE_217,FULL_FILE_217,1
FULL_FILE_301,FULL_FILE_301,0
FULL_FILE_384,FULL_FILE_384,1
FULL_FILE_403,FULL_FILE_403,0
FULL_FILE_233,FULL_FILE_233,1
FULL_FILE_318,FULL_FILE_318,0
FULL_FILE_123,FULL_FILE_123,1
FULL_FILE_259,FULL_FILE_259,1
FULL_FILE_220,FULL_FILE_220,0
FULL_FILE_295,FULL_FILE_295,0
FULL_FILE_646,FULL_FILE_646,0
FULL_FILE_365,FULL_FILE_365,0
FULL_FILE_237,FULL_FILE_237,1
FULL_FILE_280,FULL_FILE_280,0
FULL_FILE_249,FULL_FILE_249,0
FULL_FILE_151,FULL_FILE_151,1
FULL_FILE_208,FULL_FILE_208,0
FULL_FILE_92,FULL_FILE_92,0
FULL_FILE_208,FULL_FILE_208,1
FULL_FILE_250,FULL_FILE_250,1
FULL_FILE_310,FULL_FILE_310,0
FULL_FILE_89,FULL_FILE_89,1
FULL_FILE_232,FULL_FILE_232,0
FULL_FILE_73,FULL_FILE_73,0
FULL_FILE_425,FULL_FILE_425,0
FULL_FILE_169,FULL_FILE_169,0
FULL_FILE_258,FULL_FILE_258,0
FULL_FILE_212,FULL_FILE_212,0
FULL_FILE_617,FULL_FILE_617,0
FULL_FILE_269,FULL_FILE_269,0
FULL_FILE_68,FULL_FILE_68,0
FULL_FILE_373,FULL_FILE_373,1
FULL_FILE_431,FULL_FILE_431,0
FULL_FILE_317,FULL_FILE_317,0
FULL_FILE_384,FULL_FILE_384,1
FULL_FILE_170,FULL_FILE_170,0
FULL_FILE_162,FULL_FILE_162,1
FULL_FILE_208,FULL_FILE_208,1
FULL_FILE_488,FULL_FILE_488,0
FULL_FILE_90,FULL_FILE_90,0
FULL_FILE_285,FULL_FILE_285,0
FULL_FILE_176,FULL_FILE_176,1
FULL_FILE_181,FULL_FILE_181,0
FULL_FILE_90,FULL_FILE_90,1
FULL_FILE_364,FULL_FILE_364,0
FULL_FILE_87,FULL_FILE_87,0
FULL_FILE_97,FULL_FILE_97,0
FULL_FILE_369,FULL_FILE_369,0
FULL_FILE_272,FULL_FILE_272,1
FULL_FILE_463,FULL_FILE_463,0
FULL_FILE_312,FULL_FILE_312,1
FULL_FILE_35,FULL_FILE_35,1
FULL_FILE_25,FULL_FILE_25,0
FULL_FILE_436,FULL_FILE_436,0
FULL_FILE_95,FULL_FILE_95,0
FULL_FILE_298,FULL_FILE_298,0
FULL_FILE_390,FULL_FILE_390,0
FULL_FILE_302,FULL_FILE_302,0
FULL_FILE_414,FULL_FILE_414,0
FULL_FILE_254,FULL_FILE_254,1
FULL_FILE_319,FULL_FILE_319,0
FULL_FILE_254,FULL_FILE_254,1
FULL_FILE_325,FULL_FILE_325,0
FULL_FILE_264,FULL_FILE_264,0
FULL_FILE_235,FULL_FILE_235,1
FULL_FILE_338,FULL_FILE_338,1
FULL_FILE_151,FULL_FILE_151,1
